Madrid-Capital;28018061;CPR INF-PRI-SEC;AGORA;Calle Del Marqués De Portugalete , 17;Madrid;Ciudad Lineal;28027;917421891;917421813;-;Privado Concertado
Madrid-Capital;28015392;CPR INF-PRI-SEC;AGRUPACION ESCOLAR EUROPA;Calle De Miguel Solas , 12;Madrid;Villaverde;28021;917955158;7968513;-;Privado Concertado
Madrid-Capital;28019828;CPR INF-PRI-SEC;AGUSTINIANO;Calle Del Pez Austral , 13;Madrid;Retiro;28007;915740000;914096201;-;Privado Concertado
Madrid-Capital;28006561;CPR INF-PRI-SEC;ALAMEDA DE OSUNA;Paseo De La Alameda De Osuna , 17;Madrid;Barajas;28042;917427011;917427196;-;Privado
Madrid-Oeste;28048774;CPR INF-PRI-SEC;ALARCON;Calle San Jorge , 25;Pozuelo de Alarcón;-;28224;913527250;913510885;-;Privado
Madrid-Este;28024915;CPR INF-PRI-SEC;ALBA;Calle Manuel Sandoval , 26;Torrejón de Ardoz;-;28850;916566925;916566925;-;Privado Concertado
Madrid-Sur;28041342;CPR INF-PRI-SEC;ALBANTA;Calle De Mónaco , 6;Fuenlabrada;-;28943;916078371;916070039;-;Privado Concertado
Madrid-Norte;28050215;CPR INF-PRI-SEC;ALDEAFUENTE;Calle Del Camino Ancho , 87;Alcobendas;-;28109;916250270;916250290;-;Privado
Madrid-Sur;28042139;CPR INF-PRI-SEC;ALHUCEMA;Avenida De Las Provincias , 51;Fuenlabrada;-;28941;916098087;916098819;-;Privado Concertado
Madrid-Sur;28038562;CPR INF-PRI-SEC;ALKOR;Avenida De Pablo Iglesias , s/n;Alcorcón;-;28922;916437173;916436140;-;Privado Concertado
Madrid-Capital;28019737;CPR INF-PRI-SEC;ALTAIR, COLEGIO INTERNACIONAL;Calle De Joaquín Bau , 4;Madrid;Chamartín;28036;913596368;913507016;-;Privado
Madrid-Sur;28038598;CPR INF-PRI-SEC;ALTAMIRA;Calle Gerona , 4;Fuenlabrada;-;28945;916155866;916972137;-;Privado Concertado
Madrid-Sur;28026456;CPR INF-PRI-SEC;AMANECER;Avenida De Pablo Iglesias , s/n;Alcorcón;-;28922;916439092;916438242;-;Privado
Madrid-Sur;28001010;CPR INF-PRI-SEC;AMOR DE DIOS;Plaza Santiago De Compostela , 1;Alcorcón;-;28924;916192117;916118527;-;Privado Concertado
Madrid-Capital;28011246;CPR INF-PRI-SEC;AMOR DE DIOS;Calle De Gutiérrez Canales , 15;Madrid;San Blas;28022;917410114;917415820;-;Privado Concertado
Madrid-Capital;28011258;CPR INF-PRI-SEC;AMOR MISERICORDIOSO;Paseo De San Francisco De Sales , 42;Madrid;Chamberí;28003;915332233;915332507;Transt. Desarrollo;Privado Concertado
Madrid-Capital;28011261;CPR INF-PRI-SEC;AMOROS;Calle De Gómez De Arteche , 28;Madrid;Carabanchel;28044;915111130;915083064;Transt. Desarrollo;Privado Concertado
Madrid-Oeste;28072272;CPR INF-PRI-SEC;ANTAVILLA SCHOOL;Calle Real , 35;Villanueva del Pardillo;-;28229;918150022;918100141;-;Privado Concertado
Madrid-Sur;28001563;CPR INF-PRI-SEC;APOSTOL SANTIAGO;Calle De Las Moreras , 217;Aranjuez;-;28300;918921200;918921009;-;Privado Concertado
Madrid-Oeste;28044331;CPR INF-PRI-SEC;ARCADIA;Calle Cetrería , 2;Villanueva de la Cañada;-;28690;918162322;918162376;-;Privado Concertado
Madrid-Capital;28029494;CPR INF-PRI-SEC;ARCANGEL RAFAEL;Calle De Maqueda , 4;Madrid;Latina;28024;917119300;915186838;-;Privado
Madrid-Norte;28042346;CPR INF-PRI-SEC;ARETEIA;Calle De La Salvia , 24;Alcobendas;-;28109;916509102;916508809;-;Privado
Madrid-Capital;28009069;CPR INF-PRI-SEC;ARTURO SORIA;Calle Del Duque De Tamámes , 9;Madrid;Ciudad Lineal;28043;914157295;915192532;-;Privado
Madrid-Capital;28010436;CPR INF-PRI-SEC;ASUNCION CUESTABLANCA;Calle Asunción Cuestablanca , 11;Madrid;Hortaleza;28050;913020549;917662234;-;Privado Concertado
Madrid-Capital;28012962;CPR INF-PRI-SEC;ASUNCION-VALLECAS;Calle De Montseny , 25;Madrid;Puente de Vallecas;28038;914336991;915520042;-;Privado Concertado
Madrid-Capital;28015550;CPR INF-PRI-SEC;AZORIN;Calle De Arzúa , 28;Madrid;Hortaleza;28033;913821720;917630722;-;Privado Concertado
Madrid-Norte;28048324;CPR INF-PRI-SEC;B.R.A.-INSTITUCION;Calle De La Salvia , 48;Alcobendas;-;28109;916504300;916506632;-;Privado
Madrid-Sur;28023081;CPR INF-PRI-SEC;BALMES;Calle Del Río Llobregat , 2;Móstoles;-;28935;916474159;916474176;-;Privado Concertado
Madrid-Capital;28006809;CPR INF-PRI-SEC;BEATA FILIPINA-FUND.FELICIANA VIERTOLA;Calle De José De Cadalso , 50;Madrid;Latina;28044;917063021;-;-;Privado Concertado
Madrid-Capital;28005131;CPR INF-PRI-SEC;BEATA MARIA ANA DE JESUS;Calle De Guillermo De Osma , 10;Madrid;Arganzuela;28045;914735558;914735558;-;Privado Concertado
Madrid-Capital;28021690;CPR INF-PRI-SEC;BERNADETTE;Calle De Santa Bernardita , 1;Madrid;Moncloa-Aravaca;28023;913071146;913070494;-;Privado Concertado
Madrid-Oeste;28024186;CPR INF-PRI-SEC;BERRIZ-VERACRUZ;Calle Camino Real , 3;Rozas de Madrid, Las;-;28232;916303733;916309042;-;Privado Concertado
Madrid-Norte;28000777;CPR INF-PRI-SEC;BIENAVENTURADA VIRGEN MARIA;Calle De Begonia , 275;Alcobendas;-;28109;916501500;916502603;-;Privado
Madrid-Capital;28022414;CPR INF-PRI-SEC;BIENAVENTURADA VIRGEN MARIA;Calle De Cullera , 17;Madrid;Latina;28047;914623372;915251742;-;Privado Concertado
Madrid-Capital;28008107;CPR INF-PRI-SEC;BLANCA DE CASTILLA;Paseo De Eduardo Dato , 2;Madrid;Chamberí;28010;914460398;915939922;-;Privado Concertado
Madrid-Sur;28025713;CPR INF-PRI-SEC;BOSQUE REAL COLLEGE;Calle Duero , 47;Villaviciosa de Odón;-;28670;916167250;916167302;-;Privado
Madrid-Capital;28020077;CPR INF-PRI-SEC;BRISTOL;Calle De Enrique De Prada , 1;Madrid;Hortaleza;28042;917428687;917418207;-;Privado
Madrid-Capital;28013103;CPR INF-PRI-SEC;CALASANCIO-NTRA.SRA.DE LAS ESCUELAS PIAS;Calle Del Conde De Peñalver , 51;Madrid;Salamanca;28006;914449400;914016433;-;Privado Concertado
Madrid-Este;28000479;CPR INF-PRI-SEC;CALASANZ;Calle Santiago , 29;Alcalá de Henares;-;28801;918892900;918771836;-;Privado Concertado
Madrid-Sur;28036061;CPR INF-PRI-SEC;CALASANZ;Calle Asturias , s/n;Pinto;-;28320;916912398;916928509;-;Privado Concertado
Madrid-Capital;28011477;CPR INF-PRI-SEC;CARDENAL SPINOLA;Calle Del Cardenal Marcelo Spinola , 34;Madrid;Chamartín;28016;913022040;917661395;-;Privado Concertado
Madrid-Capital;28020156;CPR INF-PRI-SEC;CASA DE LA VIRGEN;Calle De La Virgen Del Val , 1;Madrid;Ciudad Lineal;28027;914041788;913269087;-;Privado Concertado
Madrid-Sur;28034994;CPR INF-PRI-SEC;CASTILLA;Calle Iglesia , 1;Torrejón de la Calzada;-;28991;918160318;918160287;-;Privado Concertado
Madrid-Oeste;28064184;CPR INF-PRI-SEC;CASVI-BOADILLA;Calle Miguel Ángel Cantero Oliva , 13;Boadilla del Monte;-;28660;916162218;916164410;-;Privado Concertado
Madrid-Capital;28015094;CPR INF-PRI-SEC;CENTRO CULTURAL ELFO;Calle Del Elfo , 74;Madrid;Ciudad Lineal;28027;913673653;91 4081287;-;Privado Concertado
Madrid-Capital;28019142;CPR INF-PRI-SEC;CENTRO CULTURAL PALOMERAS;Calle De Luis Marín , s/n;Madrid;Puente de Vallecas;28038;917863865;917863865;Transt. Desarrollo;Privado Concertado
Madrid-Capital;28016271;CPR INF-PRI-SEC;CENTRO CULTURAL SALMANTINO;Calle Del Puerto De Pajares , 6;Madrid;Puente de Vallecas;28053;914786571;914789110;-;Privado Concertado
Madrid-Sur;28040623;CPR INF-PRI-SEC;CENTRO EDUCATIVO LA AMISTAD;Calle De Sevilla , 10;Fuenlabrada;-;28941;916153789;916153789;-;Privado Concertado
Madrid-Capital;28062497;CPR INF-PRI-SEC;CENTRO EDUCATIVO PONCE DE LEON;Calle De Eduardo Barreiros , 6;Madrid;Usera;28041;913178441;913177715;Auditivos;Privado Concertado
Madrid-Oeste;28041287;CPR INF-PRI-SEC;CENTRO EDUCATIVO PUNTA GALEA;Calle Playa Del Sardinero , 1;Rozas de Madrid, Las;-;28290;916302641;916302955;-;Privado
Madrid-Sur;28001046;CPR INF-PRI-SEC;CENTRO EDUCATIVO VILLA DE ALCORCON;Calle De Madrid , 12;Alcorcón;-;28921;916438329;916448058;-;Privado Concertado
Madrid-Oeste;28046601;CPR INF-PRI-SEC;CENTRO ESCOLAR BALDER;Calle Sierra Morena , 41;Rozas de Madrid, Las;-;28290;916303232;916303232;-;Privado
Madrid-Capital;28070512;CPR INF-PRI-SEC;CENTRO HENRY DUNANT;Calle De Rafael Finat , 75;Madrid;Latina;28044;915095452;-;-;Privado Concertado
Madrid-Capital;28020120;CPR INF-PRI-SEC;CHAMBERI;Calle De Rafael Calvo , 12;Madrid;Chamberí;28010;914456250;915941380;Transt. Desarrollo;Privado Concertado
Madrid-Capital;28011593;CPR INF-PRI-SEC;CIUDAD DE LOS MUCHACHOS;Calle De Santa Marta , 15;Madrid;Puente de Vallecas;28038;914342030;915017177;-;Privado Concertado
Madrid-Este;28072211;CPR INF-PRI-SEC;CIUDAD EDUCATIVA MUNICIPAL HIPATIA-FUHEM;Avenida Ocho De Marzo , 1;Rivas-Vaciamadrid;-;28529;-;-;-;Privado Concertado
Madrid-Sur;28032870;CPR INF-PRI-SEC;CIUDAD ESCUELA MUCHACHOS;Avenida Doctor Fleming , 3;Leganés;-;28912;916938041;916938041;-;Privado Concertado
Madrid-Capital;28015148;CPR INF-PRI-SEC;CLARET;Calle De Corazón De María , 1;Madrid;Chamartín;28002;914152154;914167092;-;Privado Concertado
Madrid-Capital;28069251;CPR INF-PRI-SEC;COLEGIO ABACO;Avenida De La Peseta , 8;Madrid;Latina;28054;915114064;915081150;-;Privado Concertado
Madrid-Capital;28037983;CPR INF-PRI-SEC;COLEGIO ADDIS;Calle Vieja De Pinto , 15;Madrid;Villaverde;28021;917970422;-;-;Privado Concertado
Madrid-Este;28070883;CPR INF-PRI-SEC;COLEGIO ALBORADA;Calle Alejo Carpentier , 27;Alcalá de Henares;-;28806;918301912;-;-;Privado Concertado
Madrid-Sur;28025695;CPR INF-PRI-SEC;COLEGIO ALCALA;Calle Alférez Luis Martín Vidales , 1;Villaviciosa de Odón;-;28670;916160203;916160694;-;Privado Concertado
Madrid-Este;28070895;CPR INF-PRI-SEC;COLEGIO ANTAMIRA;Calle Los Cuadros , s/n;Paracuellos de Jarama;-;28860;916672707;-;-;Privado Concertado
Madrid-Sur;28072168;CPR INF-PRI-SEC;COLEGIO AQUILA;Calle Planeta Urano , s/n;Parla;-;28983;-;-;-;Privado Concertado
Madrid-Sur;28072156;CPR INF-PRI-SEC;COLEGIO ARENALES ARROYOMOLINOS;Calle De La Guardia C/v C/ Coruña , S/N;Arroyomolinos;-;28939;916688289;916688514;-;Privado Concertado
Madrid-Capital;28073151;CPR INF-PRI-SEC;COLEGIO ARENALES CARABANCHEL;Avenida De Los Poblados , 151;Madrid;Carabanchel;-;-;-;-;Privado Concertado
Madrid-Capital;28067318;CPR INF-PRI-SEC;COLEGIO ARTICA;Calle De Los Morales , 25;Madrid;Carabanchel;28054;915112615;914006071;Motóricos;Privado Concertado
Madrid-Norte;28067434;CPR INF-PRI-SEC;COLEGIO ARULA;Calle De Alcalá (alalpardo) , 23;Valdeolmos-Alalpardo;-;28130;916205198;916202875;-;Privado Concertado
Madrid-Este;28026444;CPR INF-PRI-SEC;COLEGIO CAMINO REAL;Avenida Constitución , 190;Torrejón de Ardoz;-;28850;916751535;916766257;-;Privado Concertado
Madrid-Oeste;28065784;CPR INF-PRI-SEC;COLEGIO CAUDE;Calle Barco , 2;Majadahonda;-;28222;916028022;916029238;-;Privado Concertado
Madrid-Capital;28072132;CPR INF-PRI-SEC;COLEGIO CEU SAN PABLO EN SANCHINARRO;Avenida Del Alcalde Conde De Mayalde , 45;Madrid;Hortaleza;28050;-;-;-;Privado Concertado
Madrid-Este;28073148;CPR INF-PRI-SEC;COLEGIO CHESTERTON;Calle Luxemburgo , 1;Meco;-;28880;-;-;-;Privado Concertado
Madrid-Capital;28068128;CPR INF-PRI-SEC;COLEGIO CUMBRES-HIGHLANDS;Calle De San Enrique De Osso , s/n;Madrid;Hortaleza;28050;-;-;-;Privado
Madrid-Capital;28022566;CPR INF-PRI-SEC;COLEGIO DE JESUS;Calle Del Timón , 18;Madrid;Barajas;28042;917476014;91 3295868;-;Privado Concertado
Madrid-Sur;28061389;CPR INF-PRI-SEC;COLEGIO DE NUESTRA SEÑORA;Avenida Europa , 100;Valdemoro;-;28341;918083804;918.083.804;-;Privado
Madrid-Capital;28005799;CPR INF-PRI-SEC;COLEGIO DIOCESANO MARIA INMACULADA;Calle De Joaquín Turina , 62;Madrid;Carabanchel;28044;915092950;917051461;-;Privado Concertado
Madrid-Sur;28064846;CPR INF-PRI-SEC;COLEGIO EL CATON;Calle Ronda De Zaragoza , s/n;Torrejón de Velasco;-;28990;918124344;918161953;-;Privado Concertado
Madrid-Capital;28072144;CPR INF-PRI-SEC;COLEGIO ESTUDIANTES LAS TABLAS;Calle De Fromista , 1;Madrid;Fuencarral-El Pardo;28050;-;-;-;Privado Concertado
Madrid-Capital;28021100;CPR INF-PRI-SEC;COLEGIO EUROPEO ALMAZAN;Calle De Mesena , 101;Madrid;Ciudad Lineal;28033;913020706;913020706;-;Privado
Madrid-Sur;28048944;CPR INF-PRI-SEC;COLEGIO EUROPEO ARISTOS;Avenida De Juan Carlos I , 12;Getafe;-;28905;916839889;916966671;-;Privado
Madrid-Capital;28069285;CPR INF-PRI-SEC;COLEGIO GAUDEM;Calle De La Playa De Barlovento , 14;Madrid;Barajas;28042;913886477;913010182;Auditivos;Privado Concertado
Madrid-Oeste;28067410;CPR INF-PRI-SEC;COLEGIO HELADE;Calle De Severo Ochoa , 6;Boadilla del Monte;-;28660;916338062;916338813;-;Privado Concertado
Madrid-Capital;28064202;CPR INF-PRI-SEC;COLEGIO INTERNACIONAL J.H. NEWMAN;Avenida De Guadalajara , 28-32;Madrid;San Blas;28032;917609184;913135739;Motóricos;Privado Concertado
Madrid-Oeste;28061298;CPR INF-PRI-SEC;COLEGIO INTERNACIONAL KOLBE;Avenida Universidad , 4;Villanueva de la Cañada;-;28691;918117681;918117684;Motóricos;Privado Concertado
Madrid-Este;28060099;CPR INF-PRI-SEC;COLEGIO INTERNACIONAL SANTO TOMAS DE AQUINO;Camino Del Molino , s/n;Camarma de Esteruelas;-;28816;918771215;918771216;-;Privado
Madrid-Norte;28024654;CPR INF-PRI-SEC;COLEGIO INTERNACIONAL SEK-CIUDALCAMPO;Paseo De Las Perdices , 2;San Sebastián de los Reyes;-;28707;916596303;916596304;-;Privado
Madrid-Oeste;28025579;CPR INF-PRI-SEC;COLEGIO INTERNACIONAL SEK-EL CASTILLO;Calle Castillo De Alarcón , 49;Villanueva de la Cañada;-;28692;918150892;918151140;-;Privado
Madrid-Sur;28070871;CPR INF-PRI-SEC;COLEGIO JUAN PABLO II;Calle Democracia , s/n;Alcorcón;-;28922;916430950;916430950;-;Privado Concertado
Madrid-Capital;28013048;CPR INF-PRI-SEC;COLEGIO LA MILAGROSA;Calle De Monseñor Oscar Romero , 54;Madrid;Carabanchel;28025;914623066;914623133;-;Privado Concertado
Madrid-Sur;28067859;CPR INF-PRI-SEC;COLEGIO LITTERATOR;Calle Del Patrimonio Mundial , 5;Aranjuez;-;28300;918927139;918927131;-;Privado Concertado
Madrid-Este;28067422;CPR INF-PRI-SEC;COLEGIO MIRAMADRID;Avenida De Juan Pablo Ii , s/n;Paracuellos de Jarama;-;28860;912688787;912688588;Transt. Desarrollo;Privado Concertado
Madrid-Oeste;28070858;CPR INF-PRI-SEC;COLEGIO MONTESCLAROS;Carretera M-608 , km.31;Boalo, El;-;28411;918420269;-;-;Privado Concertado
Madrid-Sur;28070159;CPR INF-PRI-SEC;COLEGIO NOBELIS;Calle María Zambrano , s/n;Valdemoro;-;28341;918658125;918658108;-;Privado Concertado
Madrid-Sur;28069418;CPR INF-PRI-SEC;COLEGIO NOVA HISPALIS;Avenida Dos De Mayo , 4;Sevilla la Nueva;-;28609;918128291;918128808;-;Privado Concertado
Madrid-Capital;28007309;CPR INF-PRI-SEC;COLEGIO NUEVO EQUIPO;Calle De López De Aranda , 5;Madrid;Ciudad Lineal;28027;917421611;917422016;-;Privado Concertado
Madrid-Oeste;28065760;CPR INF-PRI-SEC;COLEGIO PEÑALAR;Avenida De La Dehesa , s/n;Torrelodones;-;28250;902252272;91 8549307;-;Privado Concertado
Madrid-Norte;28067367;CPR INF-PRI-SEC;COLEGIO PEÑALVENTO;Calle Del Doctor Torres Feced , 2;Colmenar Viejo;-;28770;902252232;918461587;-;Privado Concertado
Madrid-Oeste;28065772;CPR INF-PRI-SEC;COLEGIO QUERCUS;Avenida De La Condesa De Chinchón , 21;Boadilla del Monte;-;28660;916338516;916339278;Transt. Desarrollo;Privado Concertado
Madrid-Oeste;28040507;CPR INF-PRI-SEC;COLEGIO SAINT MARY OF FATIMA;Calle Transversal 4 ,     4;Pozuelo de Alarcón;-;28223;913523120;91 3523889;-;Privado
Madrid-Oeste;28067631;CPR INF-PRI-SEC;COLEGIO SAN JAIME;Calle Ruperto Chapí ;Majadahonda;-;28222;916799246;91 6799298;-;Privado Concertado
Madrid-Capital;28014685;CPR INF-PRI-SEC;COLEGIO SENARA;Avenida De Moratalaz , 178;Madrid;Moratalaz;28030;913016070;913016075;-;Privado Concertado
Madrid-Capital;28073173;CPR INF-PRI-SEC;COLEGIO STELLA MARIS LA GAVIA;Calle Peñaranda De Bracamonte C/v Entrepeñas ;Madrid;Villa de Vallecas;28051;-;-;-;Privado Concertado
Madrid-Capital;28070846;CPR INF-PRI-SEC;COLEGIO TORREVILANO;Calle Del Embalse De Navacerrada , 9;Madrid;Villa de Vallecas;28051;914945959;913851811;-;Privado Concertado
Madrid-Capital;28065747;CPR INF-PRI-SEC;COLEGIO VALDEFUENTES;Calle De Ana De Austria , 6;Madrid;Hortaleza;28050;902252292;911441495;-;Privado Concertado
Madrid-Sur;28067847;CPR INF-PRI-SEC;COLEGIO VALLE DEL MIRO;Calle De Clara Campoamor , 2;Valdemoro;-;28342;918658070;918658164;-;Privado Concertado
Madrid-Oeste;28064196;CPR INF-PRI-SEC;COLEGIO VALLMONT;Calle Mallorca , 2;Villanueva del Pardillo;-;28229;918102900;911413554;-;Privado Concertado
Madrid-Este;28073070;CPR INF-PRI-SEC;COLEGIO VEGASUR;Calle De Fernando El Católico , s/n;San Martín de la Vega;-;28339;-;-;-;Privado Concertado
Madrid-Sur;28023121;CPR INF-PRI-SEC;COLEGIO VILLAEUROPA ;Calle De Benito Pérez Galdós , 13;Móstoles;-;28935;916170269;916640700;-;Privado Concertado
Madrid-Capital;28069273;CPR INF-PRI-SEC;COLEGIO VILLAMADRID;Calle Transversal Sexta , 17;Madrid;Villaverde;28021;-;-;-;Privado Concertado
Madrid-Sur;28033141;CPR INF-PRI-SEC;COLEGIO ZULOAGA;Calle Duero , 35;Villaviciosa de Odón;-;28670;916167125;916168257;-;Privado
Madrid-Capital;28035275;CPR INF-PRI-SEC;COMUNIDAD INFANTIL DE VILLAVERDE;Calle De Villastar , 10;Madrid;Villaverde;28021;917950884;917100331;-;Privado Concertado
Madrid-Capital;28011647;CPR INF-PRI-SEC;CORAZON DE MARIA;Calle De Zigia , 1;Madrid;Ciudad Lineal;28027;913671269;913682106;-;Privado Concertado
Madrid-Capital;28011635;CPR INF-PRI-SEC;CORAZON INMACULADO;Calle De López De Hoyos , 59;Madrid;Chamartín;28002;915618049;915614089;-;Privado Concertado
Madrid-Capital;28011659;CPR INF-PRI-SEC;CORPUS CHRISTI;Calle De Amara , 4;Madrid;Ciudad Lineal;28027;913679327;914086723;-;Privado Concertado
Madrid-Capital;28007127;CPR INF-PRI-SEC;CRISTO REY;Avenida De San Luis , 29;Madrid;Hortaleza;28033;913021636;917668471;-;Privado Concertado
Madrid-Capital;28007139;CPR INF-PRI-SEC;CRISTO REY;Calle De Santa Úrsula , 5;Madrid;Latina;28011;914636445;915260656;-;Privado Concertado
Madrid-Oeste;28024198;CPR INF-PRI-SEC;CRISTO REY;Carretera De Las Rozas-majadahonda , 4;Rozas de Madrid, Las;-;28231;916392747;916342691;-;Privado Concertado
Madrid-Capital;28011726;CPR INF-PRI-SEC;DECROLY;Calle De Guzmán El Bueno , 60;Madrid;Chamberí;28015;915492505;915492509;-;Privado Concertado
Madrid-Sur;28003262;CPR INF-PRI-SEC;DIVINA PASTORA;Paseo Pablo Iglesias , 5;Getafe;-;28901;916950519;916951923;-;Privado Concertado
Madrid-Capital;28011763;CPR INF-PRI-SEC;DIVINA PASTORA;Calle De Emilio Ortuño , 13;Madrid;Puente de Vallecas;28038;914331150;914331251;-;Privado Concertado
Madrid-Capital;28015902;CPR INF-PRI-SEC;DIVINA PASTORA;Calle De Santa Engracia , 142;Madrid;Chamberí;28003;915341012;91 5538504;-;Privado Concertado
Madrid-Capital;28005295;CPR INF-PRI-SEC;DIVINO CORAZON;Calle Del Divino Redentor , 55-57;Madrid;Tetuán;28029;913158107;913150210;-;Privado Concertado
Madrid-Capital;28010540;CPR INF-PRI-SEC;DIVINO MAESTRO;Paseo De Extremadura , 165;Madrid;Latina;28011;914649481;914640918;-;Privado Concertado
Madrid-Capital;28069261;CPR INF-PRI-SEC;EDITH STEIN;Calle Simca , 20;Madrid;Usera;28041;913412879;-;-;Privado Concertado
Madrid-Este;28067379;CPR INF-PRI-SEC;EDUCREA EL MIRADOR;Avenida Parques Naturales , 7;Villalbilla;-;28810;911340238;911340298;-;Privado Concertado
Madrid-Capital;28006779;CPR INF-PRI-SEC;EL AVE MARIA;Calle Del Doctor Salgado , 16;Madrid;Puente de Vallecas;28038;914306527;914379444;-;Privado Concertado
Madrid-Capital;28011490;CPR INF-PRI-SEC;EL CARMELO TERESIANO;Calle De Nuñomoral , 1;Madrid;Latina;28044;917052427;917106655;-;Privado Concertado
Madrid-Capital;28015847;CPR INF-PRI-SEC;EL CID;Calle De San Cipriano , 34;Madrid;Vicálvaro;28032;917760262;917760262;-;Privado Concertado
Madrid-Norte;28024812;CPR INF-PRI-SEC;EL PILAR;Calle Real , 21;Soto del Real;-;28791;918476927;918480065;-;Privado Concertado
Madrid-Capital;28008703;CPR INF-PRI-SEC;EL PORVENIR;Calle De Bravo Murillo , 85;Madrid;Chamberí;28003;915331337;915345492;-;Privado Concertado
Madrid-Sur;28003742;CPR INF-PRI-SEC;EL SALVADOR;Calle San Vicente , 17;Leganés;-;28912;916864015;916864015;-;Privado Concertado
Madrid-Capital;28049857;CPR INF-PRI-SEC;EL VALLE;Calle De Los Juglares , s/n;Madrid;Vicálvaro;28032;917511510;917511693;-;Privado Concertado
Madrid-Capital;28065735;CPR INF-PRI-SEC;EL VALLE II;Calle De Ana De Austria , 60;Madrid;Hortaleza;28050;917188426;917188721;-;Privado Concertado
Madrid-Capital;28067321;CPR INF-PRI-SEC;EL VALLE III;Calle De Cebreiro , 2;Madrid;Fuencarral-El Pardo;28050;914273503;-;-;Privado Concertado
Madrid-Capital;28008958;CPR INF-PRI-SEC;ENRIQUETA AYMER;Calle De Mirabel , 38;Madrid;Latina;28044;917052100;915090212;-;Privado Concertado
Madrid-Oeste;28031658;CPR INF-PRI-SEC;ESCUELA LIBRE MICAEL;Carretera De La Coruña , k21,3;Rozas de Madrid, Las;-;28231;916375287;916360957;-;Privado
Madrid-Este;28000303;CPR INF-PRI-SEC;ESCUELAS PIAS;Avenida Lope De Figueroa , 27;Alcalá de Henares;-;28804;918893158;918820850;-;Privado Concertado
Madrid-Oeste;28023947;CPR INF-PRI-SEC;ESCUELAS PIAS DE SAN FERNANDO;Avenida Bularas , 1;Pozuelo de Alarcón;-;28224;917150408;913529833;-;Privado Concertado
Madrid-Capital;28037971;CPR INF-PRI-SEC;ESPIRITU SANTO;Calle De San Emilio , 54;Madrid;Ciudad Lineal;28017;914055439;914043803;-;Privado Concertado
Madrid-Capital;28019038;CPR INF-PRI-SEC;ESTUDIO;Calle De Jimena Menendez Pidal , 11;Madrid;Moncloa-Aravaca;28023;913079432;-;-;Privado
Madrid-Oeste;28023984;CPR INF-PRI-SEC;EVEREST;Avenida De Monteclaro , s/n;Pozuelo de Alarcón;-;28223;917994888;917994881;-;Privado
Madrid-Capital;28011945;CPR INF-PRI-SEC;FRAY LUIS DE LEON;Calle De Evaristo San Miguel , 10;Madrid;Moncloa-Aravaca;28008;915472400;915595192;-;Privado Concertado
Madrid-Sur;28037961;CPR INF-PRI-SEC;FUENLABRADA;Calle De Valencia , 15;Fuenlabrada;-;28945;916902989;916902062;-;Privado Concertado
Madrid-Sur;28064172;CPR INF-PRI-SEC;FUENLLANA;Travesia Fuente Cisneros , 1;Alcorcón;-;28922;916144729;916144731;-;Privado Concertado
Madrid-Capital;28037405;CPR INF-PRI-SEC;FUENTELARREYNA;Calle De Ramón Gómez De La Serna , 62;Madrid;Fuencarral-El Pardo;28035;913732328;913862655;Auditivos;Privado Concertado
Madrid-Capital;28007395;CPR INF-PRI-SEC;FUNDACION CALDEIRO;Avenida De Los Toreros , 45;Madrid;Salamanca;28028;917255200;917257300;-;Privado Concertado
Madrid-Capital;28014478;CPR INF-PRI-SEC;FUNDACION SANTAMARCA;Calle De Marcenado , 50;Madrid;Chamartín;28002;914158640;914159740;-;Privado Concertado
Madrid-Capital;28011970;CPR INF-PRI-SEC;GAMO DIANA;Calle De Tembleque , 104;Madrid;Latina;28024;917176946;-;-;Privado Concertado
Madrid-Oeste;28047320;CPR INF-PRI-SEC;GONDOMAR;Calle Fuente De Las Colmenas , 12;Galapagar;-;28260;918586364;918597056;-;Privado
Madrid-Este;28067343;CPR INF-PRI-SEC;GREDOS SAN DIEGO ALCALA;Calle Octavio Paz , 29;Alcalá de Henares;-;28806;918303864;918303871;-;Privado Concertado
Madrid-Oeste;28061286;CPR INF-PRI-SEC;GREDOS SAN DIEGO EL ESCORIAL;Calle Principal , 1;Escorial, El;-;28292;918533521;918534907;Transt. Desarrollo;Privado Concertado
Madrid-Oeste;28069303;CPR INF-PRI-SEC;GREDOS SAN DIEGO GUADARRAMA;Calle Vereda De Colmenar , 4;Guadarrama;-;28440;918547059;918542399;-;Privado Concertado
Madrid-Oeste;28067355;CPR INF-PRI-SEC;GREDOS SAN DIEGO LAS ROZAS;Calle Clara Campoamor , 1;Rozas de Madrid, Las;-;28232;916408923;916376382;-;Privado Concertado
Madrid-Capital;28067331;CPR INF-PRI-SEC;GREDOS SAN DIEGO LAS SUERTES;Calle De Rafael De León , 10;Madrid;Villa de Vallecas;28051;913853505;913853404;-;Privado Concertado
Madrid-Capital;28045566;CPR INF-PRI-SEC;GREDOS SAN DIEGO VALLECAS;Avenida Del Parque De Palomeras Bajas , 14;Madrid;Puente de Vallecas;28018;917853412;917853822;-;Privado Concertado
Madrid-Capital;28056886;CPR INF-PRI-SEC;GREDOS SAN DIEGO-MORATALAZ;Calle De Luis De Hoyos Sáinz , 170;Madrid;Moratalaz;28030;917723811;917723121;-;Privado Concertado
Madrid-Norte;28072958;CPR INF-PRI-SEC;GREENWICH SCHOOL;Calle De La Felicidad , s/n;Alcobendas;-;28100;918316677;-;-;Privado Concertado
Madrid-Sur;28063192;CPR INF-PRI-SEC;HELICON;Calle De María Curie , 19-21;Valdemoro;-;28342;918752232;918753548;Transt. Desarrollo;Privado Concertado
Madrid-Oeste;28023844;CPR INF-PRI-SEC;HOGAR DEL BUEN CONSEJO;Paseo Concepción , 12;Pozuelo de Alarcón;-;28224;913520181;917157926;-;Privado Concertado
Madrid-Capital;28013383;CPR INF-PRI-SEC;HUERFANOS DE LA ARMADA;Calle De Arturo Soria , 278;Madrid;Ciudad Lineal;28033;913795595;913795592;-;Privado
Madrid-Este;28073161;CPR INF-PRI-SEC;HUMANITAS BILINGUAL SCHOOL TORREJON;Avenida Salvador Dalí , 3;Torrejón de Ardoz;-;28850;-;-;-;Privado Concertado
Madrid-Norte;28072961;CPR INF-PRI-SEC;HUMANITAS BILINGUAL SCHOOL TRES CANTOS;Avenida De Los Actores , 1-5;Tres Cantos;-;28760;-;-;-;Privado Concertado
Madrid-Norte;28036450;CPR INF-PRI-SEC;IBN GABIROL;Paseo De Alcobendas , 7;Alcobendas;-;28109;916501229;916504410;-;Privado Concertado
Madrid-Capital;28015987;CPR INF-PRI-SEC;INMACULADA CONCEPCION;Calle Del General Díaz Porlier , 25;Madrid;Salamanca;28001;914314420;915782934;-;Privado Concertado
Madrid-Capital;28011775;CPR INF-PRI-SEC;INSTITUCION DIVINO MAESTRO;Calle De San Vicente Ferrer , 82;Madrid;Centro;28015;915329123;915213197;-;Privado Concertado
Madrid-Capital;28022475;CPR INF-PRI-SEC;INSTITUCION PROFESIONAL SALESIANA;Ronda De Don Bosco , 3;Madrid;Carabanchel;28044;915087640;915086152;-;Privado Concertado
Madrid-Oeste;28023935;CPR INF-PRI-SEC;INSTITUTO VERITAS;Carretera Carabanchel (m-502) , KM5,5;Pozuelo de Alarcón;-;28223;913520549;913520429;-;Privado Concertado
Madrid-Capital;28071656;CPR INF-PRI-SEC;INTERNACIONAL ARAVACA;Calle De Santa Bernardita , 3;Madrid;Moncloa-Aravaca;28023;-;-;-;Privado
Madrid-Este;28023376;CPR INF-PRI-SEC;INTERNACIONAL EUROVILLAS;Calle Posada De Castilla I , 107;Nuevo Baztán;-;28514;918735282;918735282;-;Privado Concertado
Madrid-Capital;28041196;CPR INF-PRI-SEC;INTERNACIONAL NUEVO CENTRO;Carretera Toledo A Villaverde , k0.5;Madrid;Villaverde;28041;917950161;917950247;-;Privado
Madrid-Norte;28002351;CPR INF-PRI-SEC;INTERNACIONAL PINOSIERRA;Calle Del Gavilán , 2;Tres Cantos;-;28760;918040212;918040600;-;Privado
Madrid-Este;28024991;CPR INF-PRI-SEC;J.A.B.Y.;Calle Cristo , 22;Torrejón de Ardoz;-;28850;916750360;916779310;-;Privado Concertado
Madrid-Capital;28007607;CPR INF-PRI-SEC;JESUS MAESTRO;Calle De Juan Vigón , 8;Madrid;Chamberí;28003;915530807;915346613;-;Privado Concertado
Madrid-Capital;28012354;CPR INF-PRI-SEC;JESUS MARIA;Calle De Juan Bravo , 13;Madrid;Salamanca;28006;914319520;91435.61.02;-;Privado Concertado
Madrid-Sur;28003110;CPR INF-PRI-SEC;JESUS NAZARENO;Calle Del Hospital De San José , 28;Getafe;-;28901;916950321;916962414;-;Privado Concertado
Madrid-Capital;28026183;CPR INF-PRI-SEC;JOYFE;Calle De Vital Aza , 65;Madrid;Ciudad Lineal;28017;914082263;913772259;-;Privado
Madrid-Capital;28036474;CPR INF-PRI-SEC;JUAN DE VALDES;Avenida De Ajalvir A Vicálvaro , 135;Madrid;San Blas;28022;913069750;913130262;-;Privado Concertado
Madrid-Norte;28000662;CPR INF-PRI-SEC;JUAN XXIII;Travesia Juan M. Sánchez. Pedagogo , 3;Alcobendas;-;28100;916516468;916516468;-;Privado Concertado
Madrid-Sur;28043193;CPR INF-PRI-SEC;KHALIL GIBRAN;Calle De Turquía , 13;Fuenlabrada;-;28943;916084289;916084289;-;Privado
Madrid-Sur;28001022;CPR INF-PRI-SEC;LA INMACULADA;Calle Señorita Elena , s/n;Alcorcón;-;28924;916192515;916113356;-;Privado Concertado
Madrid-Oeste;28003444;CPR INF-PRI-SEC;LA INMACULADA;Calle De Recaredo Collar , 2;Guadarrama;-;28440;918540118;918542849;-;Privado Concertado
Madrid-Sur;28003584;CPR INF-PRI-SEC;LA INMACULADA;Avenida Vicente Aleixandre , 1;Leganés;-;28911;916930057;916898527;-;Privado Concertado
Madrid-Capital;28019270;CPR INF-PRI-SEC;LA INMACULADA;Avenida De La Virgen Del Carmen , 13;Madrid;Hortaleza;28033;917634509;917644191;-;Privado Concertado
Madrid-Capital;28021902;CPR INF-PRI-SEC;LA INMACULADA;Calle De Navalperal , 9;Madrid;Moncloa-Aravaca;28035;914500608;914597867;-;Privado Concertado
Madrid-Oeste;28024381;CPR INF-PRI-SEC;LA INMACULADA CONCEPCION;Calle Madre Carmen Salles , 8;San Lorenzo de El Escorial;-;28200;918901855;918903441;-;Privado Concertado
Madrid-Capital;28012196;CPR INF-PRI-SEC;LA INMACULADA-MARILLAC;Calle De García De Paredes , 37;Madrid;Chamberí;28010;914453534;915912834;-;Privado Concertado
Madrid-Sur;28003250;CPR INF-PRI-SEC;LA INMACULADA-PADRES ESCOLAPIOS;Plaza Obispo Felipe Scio Riaza , 1;Getafe;-;28901;916951900;916951904;-;Privado Concertado
Madrid-Capital;28021999;CPR INF-PRI-SEC;LA NATIVIDAD;Calle De Torros , 4;Madrid;Usera;28041;917924502;917924502;-;Privado Concertado
Madrid-Capital;28042498;CPR INF-PRI-SEC;LA PRESENTACION DE NTRA.SRA.;Plaza De La Vicalvarada , 1;Madrid;Vicálvaro;28032;917764323;917764672;-;Privado Concertado
Madrid-Capital;28062217;CPR INF-PRI-SEC;LA PURISIMA;Calle De Ricardo Ortiz , 29;Madrid;Ciudad Lineal;28017;917262805;913614212;Auditivos,Transt. Desarrollo;Privado Concertado
Madrid-Sur;28003419;CPR INF-PRI-SEC;LA SALLE;Calle Levante , 1;Griñón;-;28971;918140085;918103016;-;Privado Concertado
Madrid-Capital;28013863;CPR INF-PRI-SEC;LA SALLE;Calle Del General Romero Basart , 50;Madrid;Latina;28044;917050011;91 7058368;-;Privado Concertado
Madrid-Capital;28008934;CPR INF-PRI-SEC;LA SALLE-SAGRADO CORAZON;Avenida Del Cardenal Herrera Oria , 242;Madrid;Fuencarral-El Pardo;28035;917385300;917307493;-;Privado Concertado
Madrid-Capital;28013851;CPR INF-PRI-SEC;LA SALLE-SAN RAFAEL;Calle De Fernando El Católico , 49;Madrid;Chamberí;28015;915447395;915432703;-;Privado Concertado
Madrid-Sur;28050173;CPR INF-PRI-SEC;LAGOMAR;Avenida Mar Adriático , 5;Valdemoro;-;28341;918083643;918085724;-;Privado Concertado
Madrid-Capital;28046901;CPR INF-PRI-SEC;LAS ROSAS;Calle De Calabria , 1;Madrid;San Blas;28022;913132334;917754987;-;Privado Concertado
Madrid-Capital;28067409;CPR INF-PRI-SEC;LAS TABLAS VALVERDE;Paseo De La Tierra De Melide , s/n;Madrid;Fuencarral-El Pardo;28050;914273506;915774735;-;Privado Concertado
Madrid-Sur;28032985;CPR INF-PRI-SEC;LEGAMAR;Carretera Leganes-fuenlabrada , k1,5;Leganés;-;28900;916933812;916933914;-;Privado
Madrid-Oeste;28069406;CPR INF-PRI-SEC;LEONARDO DA VINCI;Calle Arroyo Grande (sector Las Hachazuelas) , 72;Moralzarzal;-;28411;689030501;-;-;Privado Concertado
Madrid-Capital;28011623;CPR INF-PRI-SEC;LICEO CONSUL;Calle De Peironcely , 7;Madrid;Puente de Vallecas;28053;917858714;917858809;-;Privado Concertado
Madrid-Norte;28000698;CPR INF-PRI-SEC;LICEO EUROPEO;Calle Del Camino Sur , 10;Alcobendas;-;28109;916501062;916505691;-;Privado
Madrid-Capital;28015291;CPR INF-PRI-SEC;LICEO IBERICO;Calle De Antonio Vicent , 58;Madrid;Carabanchel;28019;915691725;915691725;-;Privado Concertado
Madrid-Capital;28013188;CPR INF-PRI-SEC;LICEO MADARIAGA;Calle De Francisco Madariaga , 11;Madrid;Ciudad Lineal;28017;914061491;914061491;-;Privado Concertado
Madrid-Sur;28003675;CPR INF-PRI-SEC;LICEO SAN PABLO;Calle Alhelí , 1;Leganés;-;28912;916933223;916948405;-;Privado Concertado
Madrid-Capital;28011544;CPR INF-PRI-SEC;LICEO SOROLLA B;Calle De Nueva Zelanda , 21;Madrid;Moncloa-Aravaca;28035;913164327;913168028;-;Privado Concertado
Madrid-Oeste;28023996;CPR INF-PRI-SEC;LICEO SOROLLA C;Avenida Bularas , 4;Pozuelo de Alarcón;-;28224;917150560;917152662;-;Privado
Madrid-Capital;28017649;CPR INF-PRI-SEC;LICEO VERSALLES;Calle Del Puerto De Somosierra , 9;Madrid;Villa de Vallecas;28031;913325654;913323151;-;Privado Concertado
Madrid-Sur;28023030;CPR INF-PRI-SEC;LICEO VILLA FONTANA;Avenida De Carlos V , 27;Móstoles;-;28936;916459211;916459833;-;Privado
Madrid-Este;28000492;CPR INF-PRI-SEC;LOPE DE VEGA;Calle De Luis De Medina , 12;Alcalá de Henares;-;28805;918893879;918.892.021;-;Privado Concertado
Madrid-Norte;28047368;CPR INF-PRI-SEC;LOS ABETOS;Calle Del Marqués De Santillana , 29;Manzanares el Real;-;28410;918539660;918539660;-;Privado Concertado
Madrid-Sur;28026420;CPR INF-PRI-SEC;LOS ANGELES;Calle Prado De Acedinos , s/n;Getafe;-;28905;916960843;916832314;-;Privado Concertado
Madrid-Sur;28041275;CPR INF-PRI-SEC;LOS NARANJOS;Avenida De Las Comarcas , 70;Fuenlabrada;-;28941;916159690;916159500;-;Privado Concertado
Madrid-Sur;28070101;CPR INF-PRI-SEC;LOS NOGALES;Camino De Villamanta , s/n;Álamo, El;-;28607;918104457;918122399;-;Privado Concertado
Madrid-Capital;28022104;CPR INF-PRI-SEC;LOS OLMOS;Calle De Los Astros , 13;Madrid;Retiro;28007;914009860;-;-;Privado Concertado
Madrid-Oeste;28029780;CPR INF-PRI-SEC;LOS PEÑASCALES;Avenida Del Pardo , s/n;Rozas de Madrid, Las;-;28290;916300563;916301237;-;Privado
Madrid-Capital;28012032;CPR INF-PRI-SEC;LOS ROBLES;Avenida De La Osa Mayor , 239;Madrid;Moncloa-Aravaca;28023;913070330;913572819;-;Privado Concertado
Madrid-Norte;28039268;CPR INF-PRI-SEC;LOS SAUCES;Calle Del Camino Ancho , 83;Alcobendas;-;28109;916501790;916505719;-;Privado
Madrid-Oeste;28043156;CPR INF-PRI-SEC;LOS SAUCES;Avenida Gabriel Enríquez De La Orden , 27;Torrelodones;-;28250;916305411;916305378;-;Privado
Madrid-Capital;28067392;CPR INF-PRI-SEC;LOS TILOS;Calle De El Bosco , s/n;Madrid;Puente de Vallecas;28038;913451116;913598243;-;Privado Concertado
Madrid-Capital;28020235;CPR INF-PRI-SEC;LOURDES;Calle De San Roberto , 8;Madrid;Latina;28011;915180358;915184820;-;Privado Concertado
Madrid-Sur;28001605;CPR INF-PRI-SEC;LOYOLA;Calle De Valeras , 24;Aranjuez;-;28300;918910505;918923768;Transt. Desarrollo;Privado Concertado
Madrid-Este;28056709;CPR INF-PRI-SEC;LUYFERIVAS;Calle De Junkal , 4;Rivas-Vaciamadrid;-;28522;914990122;914992112;-;Privado
Madrid-Capital;28012585;CPR INF-PRI-SEC;LUZ CASANOVA;Calle De La Alondra , 18;Madrid;Carabanchel;28025;915254929;915254929;-;Privado Concertado
Madrid-Capital;28012603;CPR INF-PRI-SEC;LUZ CASANOVA;Calle De Madridejos , 34;Madrid;Usera;28026;914753146;914753146;-;Privado Concertado
Madrid-Capital;28033035;CPR INF-PRI-SEC;MACARENA;Calle De La Macarena , 37;Madrid;Chamartín;28016;913599218;913596854;-;Privado
Madrid-Capital;28007826;CPR INF-PRI-SEC;MADRE DE DIOS;Calle De Ángel Muñoz , 5;Madrid;Ciudad Lineal;28043;914158169;914.139.247;-;Privado Concertado
Madrid-Capital;28007103;CPR INF-PRI-SEC;MADRES CONCEPCIONISTAS;Calle De La Princesa , 19;Madrid;Moncloa-Aravaca;28008;915424901;915474027;-;Privado Concertado
Madrid-Capital;28012779;CPR INF-PRI-SEC;MADRES MERCEDARIAS DE D. JUAN DE ALARCON;Calle De Valverde , 15;Madrid;Centro;28004;915224615;915327756;-;Privado Concertado
Madrid-Sur;28048993;CPR INF-PRI-SEC;MADRIGAL;Calle De La Tía Javiera , 2;Fuenlabrada;-;28942;914863851;914864615;-;Privado Concertado
Madrid-Este;28064238;CPR INF-PRI-SEC;MALVAR;Calle De La Solidaridad , 4;Arganda del Rey;-;28500;918759463;918759462;-;Privado Concertado
Madrid-Sur;28040556;CPR INF-PRI-SEC;MANUEL BARTOLOME COSSIO;Calle De La Comunidad De Madrid , 30;Fuenlabrada;-;28944;916151446;916151446;-;Privado Concertado
Madrid-Capital;28020429;CPR INF-PRI-SEC;MARIA AUXILIADORA;Calle De Villaamil , 18;Madrid;Tetuán;28039;913110750;913110462;-;Privado Concertado
Madrid-Oeste;28022839;CPR INF-PRI-SEC;MARIA AUXILIADORA;Calle Virgen De Iciar , 4;Majadahonda;-;28221;913077712;913728338;Transt. Desarrollo;Privado Concertado
Madrid-Capital;28005787;CPR INF-PRI-SEC;MARIA INMACULADA;Calle De Mogambo , 5;Madrid;Puente de Vallecas;28018;917774651;917774651;-;Privado Concertado
Madrid-Capital;28007917;CPR INF-PRI-SEC;MARIA INMACULADA;Paseo Del General Martínez Campos , 18;Madrid;Chamberí;28010;914466119;914466870;-;Privado Concertado
Madrid-Capital;28007942;CPR INF-PRI-SEC;MARIA REINA;Calle De Gil Y Polo , 7;Madrid;Ciudad Lineal;28017;914075372;914075372;-;Privado Concertado
Madrid-Capital;28007954;CPR INF-PRI-SEC;MARIA REINA;Avenida De Orcasur , 42;Madrid;Usera;28041;913170237;913177644;-;Privado Concertado
Madrid-Capital;28012688;CPR INF-PRI-SEC;MARIA REINA;Calle De Aranzueque , 4;Madrid;Moncloa-Aravaca;28023;913070294;91 3570834;-;Privado Concertado
Madrid-Capital;28019762;CPR INF-PRI-SEC;MARIA VIRGEN;Calle Del Padre Damián , 20;Madrid;Chamartín;28036;913440163;913440907;-;Privado Concertado
Madrid-Sur;28025348;CPR INF-PRI-SEC;MARQUES DE VALLEJO;Paseo Finca El Juncarejo ;Valdemoro;-;28341;918950059;918084380;-;Privado
Madrid-Oeste;28060026;CPR INF-PRI-SEC;MATAESPESA;Avenida De Mataespesa , 45;Alpedrete;-;28430;-;-;-;Privado Concertado
Madrid-Capital;28005842;CPR INF-PRI-SEC;MATER AMABILIS;Calle De La Gavia Seca , 15;Madrid;Villa de Vallecas;28031;913324935;913323434;-;Privado Concertado
Madrid-Capital;28007978;CPR INF-PRI-SEC;MATER CLEMENTISIMA;Calle De Antonio Folgueras , 12;Madrid;Puente de Vallecas;28018;914775628;914771327;-;Privado
Madrid-Capital;28007991;CPR INF-PRI-SEC;MATER INMACULATA;Calle De La Madre Antonia París , 1;Madrid;Ciudad Lineal;28027;914036200;914036208;-;Privado Concertado
Madrid-Capital;28016712;CPR INF-PRI-SEC;MATER PURISSIMA;Calle De La Madre Cándida María De Jesús , 4;Madrid;Usera;28026;914758054;915001210;-;Privado Concertado
Madrid-Capital;28020272;CPR INF-PRI-SEC;MATER SALVATORIS;Carretera De La Coruña , 9;Madrid;Moncloa-Aravaca;28023;913071243;913571595;-;Privado
Madrid-Capital;28012767;CPR INF-PRI-SEC;MENESIANO;Avenida De Brasilia , 11;Madrid;Salamanca;28028;917269804;913567962;-;Privado Concertado
Madrid-Este;28000431;CPR INF-PRI-SEC;MINERVA;Calle Batalla De Lepanto , 1;Alcalá de Henares;-;28804;918881362;918881362;-;Privado Concertado
Madrid-Capital;28012846;CPR INF-PRI-SEC;MINERVA;Calle De Villardondiego , 15;Madrid;Vicálvaro;28032;917762511;917762511;-;Privado Concertado
Madrid-Capital;28008053;CPR INF-PRI-SEC;MIRASIERRA;Calle De Ascao , 33;Madrid;Ciudad Lineal;28017;913673087;913675566;-;Privado Concertado
Madrid-Sur;28058743;CPR INF-PRI-SEC;MIRASUR;Calle Pablo Gargallo , s/n;Pinto;-;28320;916925089;916924028;-;Privado
Madrid-Sur;28046510;CPR INF-PRI-SEC;MONCAYO;Avenida Regiones , 12;Fuenlabrada;-;28941;916156264;916097925;-;Privado Concertado
Madrid-Oeste;28065759;CPR INF-PRI-SEC;MONTE TABOR;Paseo De La Casa De Campo , 2;Pozuelo de Alarcón;-;28223;915122138;915189908;Motóricos;Privado Concertado
Madrid-Capital;28012871;CPR INF-PRI-SEC;MONTEALTO;Calle De La Maso , 76;Madrid;Fuencarral-El Pardo;28034;917388100;917386067;-;Privado
Madrid-Este;28003973;CPR INF-PRI-SEC;MONTFORT;Avenida De La Constitución , s/n;Loeches;-;28890;918867065;-;-;Privado
Madrid-Capital;28011911;CPR INF-PRI-SEC;MONTPELLIER;Calle De La Virgen Del Val , 7;Madrid;Ciudad Lineal;28027;914041100;91 4053511;-;Privado Concertado
Madrid-Capital;28037259;CPR INF-PRI-SEC;MONTSERRAT;Calle De Juan Esplandiu , 2;Madrid;Retiro;28007;915737507;915041448;Transt. Desarrollo;Privado Concertado
Madrid-Sur;28038586;CPR INF-PRI-SEC;N.I.L.E.;Calle De Castilla La Vieja , 18;Fuenlabrada;-;28941;916157608;916906682;-;Privado Concertado
Madrid-Capital;28012901;CPR INF-PRI-SEC;NATIVIDAD DE NUESTRA SEÑORA;Calle De Martínez Izquierdo , 8;Madrid;Salamanca;28028;913555686;917130855;-;Privado Concertado
Madrid-Capital;28035044;CPR INF-PRI-SEC;NAZARET;Calle Del Castillo De Uclés , 24;Madrid;San Blas;28037;913049368;913272543;-;Privado Concertado
Madrid-Capital;28007191;CPR INF-PRI-SEC;NAZARET-OPORTO;Calle De Las Clarisas , 4;Madrid;Carabanchel;28019;914714902;914722219;-;Privado Concertado
Madrid-Norte;28048932;CPR INF-PRI-SEC;NORFOLK;Calle Ronda Sur , 2-6;Cobeña;-;28863;916208428;916207010;-;Privado Concertado
Madrid-Capital;28022499;CPR INF-PRI-SEC;NTRA. SRA. DE FATIMA;Calle De Manuel Muñoz , 30;Madrid;Usera;28026;914757880;914761234;-;Privado Concertado
Madrid-Sur;28067707;CPR INF-PRI-SEC;NTRA. SRA. DE LA CONCEPCION;Rastrojera , s/n;Navalcarnero;-;28600;918184464;918184465;-;Privado Concertado
Madrid-Capital;28013051;CPR INF-PRI-SEC;NTRA. SRA. DE LA CONSOLACION;Plaza De La Madre Molas , 2;Madrid;Chamartín;28036;913592905;913455059;-;Privado Concertado
Madrid-Capital;28015586;CPR INF-PRI-SEC;NTRA. SRA. DE LA ESTRELLA;Calle Del Crucero Baleares , 1;Madrid;Puente de Vallecas;28038;914372234;914399551;-;Privado Concertado
Madrid-Capital;28013255;CPR INF-PRI-SEC;NTRA. SRA. DE LA MERCED;Avenida De Alfonso Xiii , 165;Madrid;Chamartín;28016;913508706;913502909;-;Privado Concertado
Madrid-Capital;28013280;CPR INF-PRI-SEC;NTRA. SRA. DE LA MERCED;Calle De José Luis De Arrese , 5;Madrid;Ciudad Lineal;28017;913556394;913611306;-;Privado Concertado
Madrid-Norte;28062813;CPR INF-PRI-SEC;NTRA. SRA. DE LA MERCED;Calle Del Fuego , 9;Tres Cantos;-;28760;918062570;918062575;Motóricos;Privado Concertado
Madrid-Capital;28015562;CPR INF-PRI-SEC;NTRA. SRA. DE LA PROVIDENCIA;Calle De Monederos , 2;Madrid;Usera;28026;914753009;91.500.22.39;-;Privado Concertado
Madrid-Sur;28023698;CPR INF-PRI-SEC;NTRA. SRA. DE LA PROVIDENCIA;Calle De San José , 1;Pinto;-;28320;916910303;91.692.27.95;-;Privado Concertado
Madrid-Capital;28013395;CPR INF-PRI-SEC;NTRA. SRA. DE LA SABIDURIA;Calle De José Rodríguez Pinilla , 12;Madrid;Chamartín;28016;913595027;913508186;-;Privado Concertado
Madrid-Capital;28031993;CPR INF-PRI-SEC;NTRA. SRA. DE LA VEGA;Calle De Chantada , 28;Madrid;Fuencarral-El Pardo;28029;917386700;917386060;-;Privado Concertado
Madrid-Capital;28022633;CPR INF-PRI-SEC;NTRA. SRA. DE LAS DELICIAS;Paseo De Las Delicias , 67;Madrid;Arganzuela;28045;915274934;915280168;-;Privado Concertado
Madrid-Capital;28013097;CPR INF-PRI-SEC;NTRA. SRA. DE LAS ESCUELAS PIAS;Calle De Ocaña , 191;Madrid;Latina;28047;917183685;917178781;-;Privado Concertado
Madrid-Capital;28013115;CPR INF-PRI-SEC;NTRA. SRA. DE LAS ESCUELAS PIAS;Calle De Eugenia De Montijo , 83;Madrid;Carabanchel;28044;914654400;914654511;-;Privado Concertado
Madrid-Capital;28008405;CPR INF-PRI-SEC;NTRA. SRA. DE LAS NIEVES;Calle De Alcalá , 589;Madrid;San Blas;28022;917410009;917410009;Transt. Desarrollo;Privado Concertado
Madrid-Capital;28013450;CPR INF-PRI-SEC;NTRA. SRA. DE LAS VICTORIAS;Calle Del Apóstol Santiago , 72;Madrid;Ciudad Lineal;28017;914035303;914047292;-;Privado Concertado
Madrid-Capital;28016694;CPR INF-PRI-SEC;NTRA. SRA. DE LORETO;Calle Del Príncipe De Vergara , 42;Madrid;Salamanca;28001;915765008;915772838;-;Privado Concertado
Madrid-Capital;28028659;CPR INF-PRI-SEC;NTRA. SRA. DE LORETO;Calle Del General Aranaz , 66;Madrid;San Blas;28027;917430100;917430101;-;Privado
Madrid-Capital;28012949;CPR INF-PRI-SEC;NTRA. SRA. DE LOS ANGELES;Calle De La Canción Del Olvido , 55;Madrid;Villaverde;28041;913176203;913699397;-;Privado Concertado
Madrid-Capital;28019592;CPR INF-PRI-SEC;NTRA. SRA. DE LOS DOLORES;Calle Del Tordo , 11;Madrid;Carabanchel;28019;914718954;914719959;-;Privado Concertado
Madrid-Capital;28030289;CPR INF-PRI-SEC;NTRA. SRA. DE MORATALAZ;Avenida De Moratalaz , 91;Madrid;Moratalaz;28030;914392146;914392146;-;Privado Concertado
Madrid-Sur;28000901;CPR INF-PRI-SEC;NTRA. SRA. DE RIHONDO;Avenida De Pablo Iglesias , 2;Alcorcón;-;28922;916442053;916442045;-;Privado Concertado
Madrid-Capital;28008211;CPR INF-PRI-SEC;NTRA. SRA. DEL BUEN CONSEJO;Calle De Juan Montalvo , 30;Madrid;Moncloa-Aravaca;28040;914561870;915358498;-;Privado Concertado
Madrid-Capital;28008223;CPR INF-PRI-SEC;NTRA. SRA. DEL BUEN CONSEJO;Calle De Ábalos , 5;Madrid;Ciudad Lineal;28043;914132551;91 7440017;-;Privado Concertado
Madrid-Capital;28013036;CPR INF-PRI-SEC;NTRA. SRA. DEL CARMEN;Avenida Real De Pinto , 41;Madrid;Villaverde;28021;917970146;917960848;-;Privado Concertado
Madrid-Sur;28023224;CPR INF-PRI-SEC;NTRA. SRA. DEL CARMEN;Calle Chile , 4;Móstoles;-;28938;916456723;916456118;-;Privado Concertado
Madrid-Capital;28008508;CPR INF-PRI-SEC;NTRA. SRA. DEL PILAR;Calle De San Benito , 6;Madrid;Tetuán;28029;913151215;913154061;-;Privado Concertado
Madrid-Capital;28008511;CPR INF-PRI-SEC;NTRA. SRA. DEL PILAR;Calle De Castelló , 56;Madrid;Salamanca;28001;915750404;915763890;-;Privado Concertado
Madrid-Capital;28017844;CPR INF-PRI-SEC;NTRA. SRA. DEL PILAR;Calle De Sánchez Preciados , 62;Madrid;Moncloa-Aravaca;28039;914502012;914504981;-;Privado Concertado
Madrid-Capital;28013371;CPR INF-PRI-SEC;NTRA. SRA. DEL RECUERDO;Plaza Del Duque De Pastrana , 5;Madrid;Chamartín;28036;913022640;91 3839668;-;Privado Concertado
Madrid-Capital;28013401;CPR INF-PRI-SEC;NTRA. SRA. DEL SAGRADO CORAZON;Calle De La Grandeza Española , 89;Madrid;Latina;28011;914639400;914797260;-;Privado Concertado
Madrid-Capital;28013413;CPR INF-PRI-SEC;NTRA. SRA. SANTA MARIA;Ronda De Sobradiel , 80;Madrid;Hortaleza;28043;913883202;913883240;-;Privado
Madrid-Sur;28000960;CPR INF-PRI-SEC;NUESTRA SEÑORA DE LOS REMEDIOS;Calle De Los Guindales , 17;Alcorcón;-;28921;916194981;916194981;-;Privado Concertado
Madrid-Capital;28015653;CPR INF-PRI-SEC;OBISPO PERELLO;Calle De La Virgen Del Sagrario , 22;Madrid;Ciudad Lineal;28027;914073600;914073547;-;Privado Concertado
Madrid-Capital;28008387;CPR INF-PRI-SEC;OBRA SO.N.S.MONTSERRAT-S.SIMON Y S.JUDAS;Calle De Trévelez , 3;Madrid;Usera;28041;913175643;913172496;Transt. Desarrollo;Privado Concertado
Madrid-Oeste;28031646;CPR INF-PRI-SEC;ORVALLE;Avenida Andraitx , 1;Rozas de Madrid, Las;-;28290;690056228;916319676;-;Privado
Madrid-Norte;28032638;CPR INF-PRI-SEC;PADRE MANYANET;Carretera Del Goloso , k3,78;Alcobendas;-;28100;916624620;916624596;-;Privado Concertado
Madrid-Capital;28013838;CPR INF-PRI-SEC;PARAISO SAGRADOS CORAZONES;Calle Del Padre Damián , 34;Madrid;Chamartín;28036;913441693;913440892;-;Privado Concertado
Madrid-Oeste;28030058;CPR INF-PRI-SEC;PARQUE;Calle Piamonte , 19;Galapagar;-;28420;902010911;918593852;-;Privado
Madrid-Capital;28017996;CPR INF-PRI-SEC;PARQUE CONDE DE ORGAZ;Calle De Gregorio Benítez , 23;Madrid;Hortaleza;28043;913001344;913884066;-;Privado
Madrid-Capital;28011209;CPR INF-PRI-SEC;PATROCINIO DE MARIA;Calle De Umbría , 31;Madrid;Hortaleza;28043;913001605;913001605;-;Privado Concertado
Madrid-Capital;28013504;CPR INF-PRI-SEC;PATROCINIO DE SAN JOSE;Calle Del General Moscardó , 24;Madrid;Tetuán;28020;915359840;915359841;-;Privado Concertado
Madrid-Sur;28038537;CPR INF-PRI-SEC;PAX-CASVI;Avenida Castilla , 27;Villaviciosa de Odón;-;28670;916162218;916164410;-;Privado
Madrid-Capital;28013565;CPR INF-PRI-SEC;PUREZA DE MARIA;Calle De Lira , 10;Madrid;Retiro;28007;915736001;914091150;-;Privado Concertado
Madrid-Capital;28008791;CPR INF-PRI-SEC;PURISIMA CONCEPCION;Calle De La Puebla , 20;Madrid;Centro;28004;915219758;915232836;Transt. Desarrollo;Privado Concertado
Madrid-Capital;28013590;CPR INF-PRI-SEC;RAFAELA YBARRA;Avenida De Rafaela Ybarra , 73;Madrid;Usera;28026;915691205;915608041;-;Privado Concertado
Madrid-Capital;28013607;CPR INF-PRI-SEC;RAIMUNDO LULIO;Avenida De San Diego , 63;Madrid;Puente de Vallecas;28018;914781997;914789043;-;Privado Concertado
Madrid-Oeste;28024393;CPR INF-PRI-SEC;REAL COLEGIO ALFONSO XII;Avenida Juan De Borbón Y Battenberg , 2;San Lorenzo de El Escorial;-;28200;918905711;918903190;-;Privado Concertado
Madrid-Capital;28013191;CPR INF-PRI-SEC;REAL COLEGIO NTRA. SRA. DE LORETO;Calle De O'donnell , 61;Madrid;Salamanca;28009;915733210;915737624;-;Privado Concertado
Madrid-Capital;28009549;CPR INF-PRI-SEC;REAL COLEGIO SANTA ISABEL-LA ASUNCION;Calle De Santa Isabel , 46;Madrid;Centro;28012;915273183;915289845;-;Privado Concertado
Madrid-Capital;28016256;CPR INF-PRI-SEC;REINADO DEL CORAZON DE JESUS;Calle De Walía , 19;Madrid;Retiro;28007;915517462;915517939;-;Privado Concertado
Madrid-Sur;28001514;CPR INF-PRI-SEC;SAGRADA FAMILIA;Calle Del Príncipe , 15;Aranjuez;-;28300;918910419;918923648;-;Privado Concertado
Madrid-Capital;28013723;CPR INF-PRI-SEC;SAGRADA FAMILIA;Calle De Jorge Juan , 165;Madrid;Salamanca;28028;913559055;913559002;-;Privado Concertado
Madrid-Capital;28046509;CPR INF-PRI-SEC;SAGRADA FAMILIA;Calle De Oberón , 6;Madrid;Moratalaz;28030;913015281;913015287;-;Privado Concertado
Madrid-Sur;28023704;CPR INF-PRI-SEC;SAGRADA FAMILIA;Calle De La Sagrada Familia , 3;Pinto;-;28320;916911026;916922597;-;Privado Concertado
Madrid-Capital;28013759;CPR INF-PRI-SEC;SAGRADA FAMILIA DE URGEL;Avenida De Palomeras , 88;Madrid;Puente de Vallecas;28018;913031032;913031029;-;Privado Concertado
Madrid-Capital;28008892;CPR INF-PRI-SEC;SAGRADO CORAZON;Calle De Santa Magdalena Sofía , 12;Madrid;Chamartín;28036;913023540;917668049;-;Privado Concertado
Madrid-Capital;28008909;CPR INF-PRI-SEC;SAGRADO CORAZON;Avenida De Alfonso Xiii , 127;Madrid;Chamartín;28016;913531380;913592142;-;Privado Concertado
Madrid-Capital;28008910;CPR INF-PRI-SEC;SAGRADO CORAZON;Calle De San Jaime , 21;Madrid;Villa de Vallecas;28031;913030140;913801161;-;Privado Concertado
Madrid-Capital;28013772;CPR INF-PRI-SEC;SAGRADO CORAZON;Paseo De Santa María De La Cabeza , 115;Madrid;Usera;28026;914765112;914755196;-;Privado Concertado
Madrid-Capital;28016268;CPR INF-PRI-SEC;SAGRADO CORAZON;Calle De Don Pedro , 14;Madrid;Centro;28005;913653604;913540217;-;Privado Concertado
Madrid-Capital;28020107;CPR INF-PRI-SEC;SAGRADO CORAZON;Plaza De La Madre María Ana Mogas , 12;Madrid;Fuencarral-El Pardo;28034;917340218;913720028;-;Privado Concertado
Madrid-Este;28000157;CPR INF-PRI-SEC;SAGRADO CORAZON DE JESUS;Calle Escritorios , 6;Alcalá de Henares;-;28801;918880654;918836927;-;Privado Concertado
Madrid-Capital;28007292;CPR INF-PRI-SEC;SAGRADO CORAZON DE JESUS;Paseo Del General Martínez Campos , 6;Madrid;Chamberí;28010;914454512;914471291;-;Privado Concertado
Madrid-Capital;28013784;CPR INF-PRI-SEC;SAGRADO CORAZON DE JESUS;Calle De Ferraz , 63;Madrid;Moncloa-Aravaca;28008;915490358;915499177;-;Privado Concertado
Madrid-Capital;28013802;CPR INF-PRI-SEC;SAGRADO CORAZON DE JESUS;Calle De Valderribas , 2;Madrid;Retiro;28007;915511655;915515018;-;Privado Concertado
Madrid-Oeste;28029573;CPR INF-PRI-SEC;SAGRADO CORAZON REPARADORAS;Avenida Guadarrama , 10;Majadahonda;-;28220;916387711;916344174;Transt. Desarrollo;Privado Concertado
Madrid-Capital;28008946;CPR INF-PRI-SEC;SAGRADOS CORAZONES;Calle De Martín De Los Heros , 91;Madrid;Moncloa-Aravaca;28008;915496750;915499764;-;Privado Concertado
Madrid-Capital;28012640;CPR INF-PRI-SEC;SALESIANOS ATOCHA;Ronda De Atocha , 27;Madrid;Arganzuela;28012;915062100;915062110;-;Privado Concertado
Madrid-Sur;28025361;CPR INF-PRI-SEC;SAMER CALASANZ;Calle Tenerías , 30;Valdemoro;-;28342;918951130;918082320;-;Privado Concertado
Madrid-Oeste;28069315;CPR INF-PRI-SEC;SAN AGUSTIN;Calle Santa Emilia , 20;Guadarrama;-;28440;669586000;918516290;-;Privado Concertado
Madrid-Capital;28015471;CPR INF-PRI-SEC;SAN AGUSTIN;Calle Del Padre Damián , 18;Madrid;Chamartín;28036;914589620;913441271;-;Privado Concertado
Madrid-Capital;28016645;CPR INF-PRI-SEC;SAN ALBERTO MAGNO;Travesia De Iván De Vargas , 1;Madrid;Carabanchel;28019;915693684;915651281;-;Privado Concertado
Madrid-Capital;28013887;CPR INF-PRI-SEC;SAN ALFONSO;Calle Del Mesón De Paredes , 78;Madrid;Centro;28012;915285705;915285703;-;Privado Concertado
Madrid-Capital;28018711;CPR INF-PRI-SEC;SAN BERNARDO;Avenida Del Manzanares , 20;Madrid;Latina;28011;913666413;913642084;-;Privado Concertado
Madrid-Capital;28009033;CPR INF-PRI-SEC;SAN BUENAVENTURA;Calle De El Greco , 16;Madrid;Latina;28011;915267161;914641687;-;Privado Concertado
Madrid-Capital;28015136;CPR INF-PRI-SEC;SAN DIEGO Y SAN VICENTE;Paseo De Eduardo Dato , 4;Madrid;Chamberí;28010;913082030;913083832;-;Privado Concertado
Madrid-Capital;28009082;CPR INF-PRI-SEC;SAN EULOGIO;Calle De La Revoltosa , 17;Madrid;Villa de Vallecas;28031;913322848;913322848;-;Privado Concertado
Madrid-Capital;28013991;CPR INF-PRI-SEC;SAN FRANCISCO DE ASIS;Calle De La Madre Carmen Del Niño Jesús , 7;Madrid;Chamartín;28002;915634404;915611239;-;Privado Concertado
Madrid-Este;28000406;CPR INF-PRI-SEC;SAN GABRIEL;Carretera Daganzo , k2-5;Alcalá de Henares;-;28800;918890650;918871277;-;Privado Concertado
Madrid-Capital;28014570;CPR INF-PRI-SEC;SAN GABRIEL;Calle De Eugenia De Montijo , 92;Madrid;Carabanchel;28025;914665121;914617026;-;Privado Concertado
Madrid-Este;28000421;CPR INF-PRI-SEC;SAN IGNACIO DE LOYOLA;Calle Concepción Arenal , 3;Alcalá de Henares;-;28806;918871114;918832815;-;Privado Concertado
Madrid-Oeste;28025166;CPR INF-PRI-SEC;SAN IGNACIO DE LOYOLA;Paseo De Andrés Vergara , 5;Torrelodones;-;28250;918591919;918596660;-;Privado Concertado
Madrid-Capital;28009203;CPR INF-PRI-SEC;SAN JAVIER;Paseo De Santa María De La Cabeza , 85;Madrid;Arganzuela;28045;914734216;914737568;-;Privado Concertado
Madrid-Este;28032811;CPR INF-PRI-SEC;SAN JOAQUIN Y SANTA ANA;Calle Santander , 1;Alcalá de Henares;-;28804;918894642;918836981;-;Privado Concertado
Madrid-Sur;28003134;CPR INF-PRI-SEC;SAN JOSE;Calle Velasco , 2;Getafe;-;28901;916953969;916820086;-;Privado Concertado
Madrid-Capital;28009215;CPR INF-PRI-SEC;SAN JOSE;Calle De Francisco Laguna , 21;Madrid;Puente de Vallecas;28053;914771158;914771158;-;Privado Concertado
Madrid-Capital;28009264;CPR INF-PRI-SEC;SAN JOSE;Calle De Moreno Nieto , 1;Madrid;Arganzuela;28005;913667203;913667202;-;Privado Concertado
Madrid-Capital;28014065;CPR INF-PRI-SEC;SAN JOSE;Calle De Pedro Escudero , 21-23;Madrid;Puente de Vallecas;28018;913035747;913035745;-;Privado Concertado
Madrid-Capital;28017741;CPR INF-PRI-SEC;SAN JOSE;Calle Del Marqués De Viana , 43;Madrid;Tetuán;28039;915717414;915716433;-;Privado Concertado
Madrid-Capital;28017753;CPR INF-PRI-SEC;SAN JOSE;Calle De Emilio Ferrari , 87;Madrid;Ciudad Lineal;28017;913674075;913774618;-;Privado Concertado
Madrid-Sur;28025336;CPR INF-PRI-SEC;SAN JOSE;Plaza Del Conde , 5;Valdemoro;-;28342;918950922;918954360;Transt. Desarrollo;Privado Concertado
Madrid-Oeste;28023832;CPR INF-PRI-SEC;SAN JOSE DE CLUNY;Avenida Juan Xxiii , 7;Pozuelo de Alarcón;-;28224;913520648;913524025;Transt. Desarrollo;Privado Concertado
Madrid-Capital;28014119;CPR INF-PRI-SEC;SAN JOSE DEL PARQUE;Avenida De Champagnat , 2;Madrid;Hortaleza;28043;913000058;913885454;-;Privado
Madrid-Capital;28020171;CPR INF-PRI-SEC;SAN JOSE-LUCERO;Calle Del Palmípedo , 12;Madrid;Latina;28047;914647203;914647203;-;Privado Concertado
Madrid-Capital;28009291;CPR INF-PRI-SEC;SAN JUAN BAUTISTA;Calle De Francos Rodríguez , 5;Madrid;Tetuán;28039;914500000;914501951;-;Privado Concertado
Madrid-Este;28024897;CPR INF-PRI-SEC;SAN JUAN BOSCO;Calle Hierro , 41;Torrejón de Ardoz;-;28850;916755196;916487541;-;Privado Concertado
Madrid-Este;28024988;CPR INF-PRI-SEC;SAN JUAN EVANGELISTA;Calle Valle Del Tormes , 2 V;Torrejón de Ardoz;-;28850;916750806;916750806;-;Privado Concertado
Madrid-Oeste;28023868;CPR INF-PRI-SEC;SAN LUIS DE LOS FRANCESES;Calle De Portugalete , 1;Pozuelo de Alarcón;-;28223;913520517;913510843;-;Privado
Madrid-Oeste;28034477;CPR INF-PRI-SEC;SAN LUIS GONZAGA;Calle Mar Egeo , 32;Majadahonda;-;28221;916380196;916380212;-;Privado
Madrid-Sur;28023315;CPR INF-PRI-SEC;SAN LUIS GONZAGA;Calle De San Cosme , 5;Navalcarnero;-;28600;918110915;918110915;-;Privado Concertado
Madrid-Capital;28017893;CPR INF-PRI-SEC;SAN MARTIN;Avenida Del Doctor García Tapia , 106;Madrid;Moratalaz;28030;914390624;914300018;-;Privado Concertado
Madrid-Capital;28014193;CPR INF-PRI-SEC;SAN MIGUEL ARCANGEL;Calle De Repullés Y Vargas , 11;Madrid;Latina;28011;914640050;914702451;-;Privado Concertado
Madrid-Oeste;28001231;CPR INF-PRI-SEC;SAN PABLO-CEU;Avenida De Montepríncipe ;Boadilla del Monte;-;28668;913520523;917154939;-;Privado
Madrid-Capital;28014235;CPR INF-PRI-SEC;SAN PEDRO;Calle De José Del Pino , 53;Madrid;Villaverde;28021;917979551;917979551;-;Privado Concertado
Madrid-Capital;28015033;CPR INF-PRI-SEC;SAN PEDRO APOSTOL;Plaza Del Jubilado , 7;Madrid;Barajas;28042;913055605;913055605;-;Privado Concertado
Madrid-Capital;28019725;CPR INF-PRI-SEC;SAN RAMON Y SAN ANTONIO;Calle De Rodríguez Marín , 57;Madrid;Chamartín;28002;915637151;915637219;-;Privado Concertado
Madrid-Capital;28046881;CPR INF-PRI-SEC;SAN SATURIO;Calle De Sebastián Herrera , 21-23;Madrid;Arganzuela;28012;915394175;915397747;-;Privado Concertado
Madrid-Capital;28009446;CPR INF-PRI-SEC;SAN VIATOR;Plaza De Fernández Ladreda , 2;Madrid;Usera;28026;915697003;915651608;-;Privado Concertado
Madrid-Capital;28009458;CPR INF-PRI-SEC;SAN VICENTE;Calle Del Butrón , 33;Madrid;San Blas;28022;913067074;913067074;-;Privado Concertado
Madrid-Capital;28006378;CPR INF-PRI-SEC;SANTA ANA Y SAN RAFAEL;Calle Del Doctor Esquerdo , 53;Madrid;Salamanca;28028;915738015;915044589;-;Privado Concertado
Madrid-Capital;28011428;CPR INF-PRI-SEC;SANTA BEATRIZ DE SILVA;Calle De Alfonso Martínez Conde , 4;Madrid;Carabanchel;28025;915607943;915607943;-;Privado Concertado
Madrid-Capital;28014363;CPR INF-PRI-SEC;SANTA CATALINA DE SENA;Avenida De Alfonso Xiii , 160;Madrid;Chamartín;28016;913595605;913452335;-;Privado Concertado
Madrid-Capital;28013942;CPR INF-PRI-SEC;SANTA CRISTINA;Avenida Del Comandante Franco , 8-10;Madrid;Chamartín;28016;913592604;913590392;-;Privado
Madrid-Capital;28014387;CPR INF-PRI-SEC;SANTA CRISTINA;Avenida De Portugal , 67-69;Madrid;Latina;28011;914640482;915264927;-;Privado Concertado
Madrid-Este;28025646;CPR INF-PRI-SEC;SANTA ELENA;Calle De Luis De Requesens , 12;Villarejo de Salvanés;-;28590;918744043;918744043;-;Privado Concertado
Madrid-Capital;28014417;CPR INF-PRI-SEC;SANTA FRANCISCA JAVIER CABRINI;Calle De Santa Francisca Javier Cabrini , 2;Madrid;Hortaleza;28043;913002513;913889463;-;Privado Concertado
Madrid-Capital;28009525;CPR INF-PRI-SEC;SANTA GEMA GALGANI;Calle De Escalona , 59;Madrid;Latina;28024;917115093;917117216;-;Privado Concertado
Madrid-Norte;28000819;CPR INF-PRI-SEC;SANTA HELENA;Calle Del Camino Ancho , 12;Alcobendas;-;28109;916500317;916500504;-;Privado
Madrid-Capital;28018851;CPR INF-PRI-SEC;SANTA ILLA;Calle De Rosa Jardón , 9;Madrid;Chamartín;28016;913590735;913594658;-;Privado
Madrid-Capital;28014454;CPR INF-PRI-SEC;SANTA ISABEL;Calle De Hortaleza , 77;Madrid;Centro;28004;913100916;913194281;-;Privado Concertado
Madrid-Capital;28019348;CPR INF-PRI-SEC;SANTA JOAQUINA DE VEDRUNA;Travesia De Costa Brava , 3;Madrid;Fuencarral-El Pardo;28034;917340690;917344007;-;Privado Concertado
Madrid-Oeste;28046182;CPR INF-PRI-SEC;SANTA MARIA;Carretera Moralzarzal , 6;Collado Villalba;-;28400;918500163;918508837;-;Privado Concertado
Madrid-Capital;28011921;CPR INF-PRI-SEC;SANTA MARIA DE LA HISPANIDAD;Calle Del Vizconde De Uzqueta , 23;Madrid;Hortaleza;28042;917412584;917410115;-;Privado Concertado
Madrid-Este;28000327;CPR INF-PRI-SEC;SANTA MARIA DE LA PROVIDENCIA;Calle Huertas , 4;Alcalá de Henares;-;28807;918819409;918813167;-;Privado Concertado
Madrid-Oeste;28024228;CPR INF-PRI-SEC;SANTA MARIA DE LAS ROZAS;Calle De La Madre María Dolores Segarra , 1;Rozas de Madrid, Las;-;28231;916376661;916407274;-;Privado Concertado
Madrid-Capital;28009653;CPR INF-PRI-SEC;SANTA MARIA DE LOS PINOS;Calle De Angelillo , 9;Madrid;Puente de Vallecas;28018;917783490;91-7783490;-;Privado Concertado
Madrid-Capital;28014511;CPR INF-PRI-SEC;SANTA MARIA DE LOS ROSALES;Calle De La Virgen De Los Rosales , 1;Madrid;Moncloa-Aravaca;28023;913070440;-;-;Privado
Madrid-Capital;28014491;CPR INF-PRI-SEC;SANTA MARIA DEL BOSQUE;Calle De La Gaviota , 14;Madrid;Carabanchel;28025;915250000;915250899;-;Privado Concertado
Madrid-Capital;28015124;CPR INF-PRI-SEC;SANTA MARIA DEL CAMINO;Calle De Peguerinos , 13;Madrid;Moncloa-Aravaca;28035;913161347;913737986;-;Privado
Madrid-Capital;28014508;CPR INF-PRI-SEC;SANTA MARIA DEL CARMEN;Calle De Los Misterios , 38;Madrid;Ciudad Lineal;28027;913774569;913671792;-;Privado Concertado
Madrid-Capital;28009641;CPR INF-PRI-SEC;SANTA MARIA DEL PILAR;Calle De Los Reyes Magos , 3;Madrid;Retiro;28009;915738007;915040724;-;Privado Concertado
Madrid-Capital;28020417;CPR INF-PRI-SEC;SANTA MARIA DEL YERMO;Calle De Gaztambide , 91;Madrid;Chamberí;28003;915492917;915499326;-;Privado Concertado
Madrid-Capital;28069297;CPR INF-PRI-SEC;SANTA MARIA LA BLANCA;Calle De Monasterio De Oseira , s/n;Madrid;Fuencarral-El Pardo;28049;915708692;917508636;Motóricos;Privado Concertado
Madrid-Capital;28008922;CPR INF-PRI-SEC;SANTA MARIA MICAELA;Calle Vía Carpetana , 105;Madrid;Carabanchel;28047;914661300;914662099;-;Privado Concertado
Madrid-Capital;28010448;CPR INF-PRI-SEC;SANTA RAFAELA MARIA;Calle De Santa Rafaela María Del Sagrado Corazón , 112;Madrid;Puente de Vallecas;28018;917858014;917852638;-;Privado Concertado
Madrid-Capital;28014533;CPR INF-PRI-SEC;SANTA RITA;Calle De Eugenia De Montijo , 53;Madrid;Carabanchel;28025;914628683;914618210;-;Privado Concertado
Madrid-Capital;28043077;CPR INF-PRI-SEC;SANTA SUSANA;Calle De Pedro Heredia , 28;Madrid;Salamanca;28028;917260357;917252056;-;Privado Concertado
Madrid-Sur;28003092;CPR INF-PRI-SEC;SANTA TERESA;Calle De Dolores Valle , 1;Getafe;-;28909;916847051;916847552;-;Privado Concertado
Madrid-Sur;28000947;CPR INF-PRI-SEC;SANTISIMA TRINIDAD;Calle De Ribadavia , 2;Alcorcón;-;28925;916191823;916103443;-;Privado Concertado
Madrid-Oeste;28002397;CPR INF-PRI-SEC;SANTISIMA TRINIDAD;Calle Morales Antuñano , 7;Collado Villalba;-;28400;918500220;918515588;-;Privado Concertado
Madrid-Capital;28009781;CPR INF-PRI-SEC;SANTISIMO SACRAMENTO;Calle De María Auxiliadora , 9;Madrid;Moncloa-Aravaca;28040;914598763;913114185;-;Privado Concertado
Madrid-Capital;28009793;CPR INF-PRI-SEC;SANTISIMO SACRAMENTO;Calle De Arturo Soria , 208;Madrid;Ciudad Lineal;28043;914135938;915100216;-;Privado Concertado
Madrid-Capital;28014612;CPR INF-PRI-SEC;SANTO ANGEL;Calle Del Arroyo Fontarrón , 209;Madrid;Moratalaz;28030;917721100;917732675;-;Privado
Madrid-Capital;28009801;CPR INF-PRI-SEC;SANTO ANGEL DE LA GUARDA;Calle De Villuercas , 4;Madrid;Puente de Vallecas;28053;917855661;915074266;-;Privado Concertado
Madrid-Capital;28009823;CPR INF-PRI-SEC;SANTO ANGEL DE LA GUARDA;Calle De Alcalá , 587;Madrid;San Blas;28022;917416154;917423505;-;Privado Concertado
Madrid-Capital;28014648;CPR INF-PRI-SEC;SANTO DOMINGO;Glorieta Del Presidente García Moreno , 3;Madrid;Moncloa-Aravaca;28003;915332420;915536814;-;Privado Concertado
Madrid-Sur;28023716;CPR INF-PRI-SEC;SANTO DOMINGO DE SILOS;Calle De Santa Teresa , 7;Pinto;-;28320;916912950;916920696;Transt. Desarrollo;Privado Concertado
Madrid-Capital;28017182;CPR INF-PRI-SEC;SIGLO XXI;Calle De Lituania , 8;Madrid;Moratalaz;28030;914375000;914374493;-;Privado Concertado
Madrid-Sur;28058123;CPR INF-PRI-SEC;SOLYNIEVE;Avenida De Las Castañeras , 22;Arroyomolinos;-;28939;916899161;916095195;-;Privado
Madrid-Capital;28015100;CPR INF-PRI-SEC;STELLA MARIS;Calle De Arturo Soria , 71;Madrid;Ciudad Lineal;28027;913672004;913672002;-;Privado Concertado
Madrid-Capital;28011908;CPR INF-PRI-SEC;TAJAMAR;Calle De Pío Felipe , 12;Madrid;Puente de Vallecas;28038;914772500;914782036;-;Privado Concertado
Madrid-Capital;28064408;CPR INF-PRI-SEC;TIMON;Calle De Rusia , 11;Madrid;San Blas;28022;915346935;915358310;-;Privado Concertado
Madrid-Sur;28041536;CPR INF-PRI-SEC;TORRENTE BALLESTER;Calle Getafe , s/n;Parla;-;28981;916986589;916050088;-;Privado Concertado
Madrid-Capital;28022335;CPR INF-PRI-SEC;TRABENCO;Calle De La Reguera De Tomateros , 103;Madrid;Puente de Vallecas;28053;917856368;915079149;Transt. Desarrollo;Privado Concertado
Madrid-Capital;28058135;CPR INF-PRI-SEC;TRES OLIVOS;Calle De Casildea De Vandalia , 3;Madrid;Fuencarral-El Pardo;28034;917355160;917352333;Auditivos;Privado Concertado
Madrid-Oeste;28001861;CPR INF-PRI-SEC;TRINITY COLLEGE LICEO SERRANO;Calle Playa De Formentor , s/n;Boadilla del Monte;-;28660;916330181;916321691;-;Privado
Madrid-Norte;28071309;CPR INF-PRI-SEC;TRINITY COLLEGE SAN SEBASTIAN DE LOS REYES;Calle Hoces Del Duratón (urb. Fresno Norte) , s/n;San Sebastián de los Reyes;-;28700;916287706;916287701;-;Privado Concertado
Madrid-Capital;28015495;CPR INF-PRI-SEC;VALDELUZ;Calle De Fermín Caballero , 53;Madrid;Fuencarral-El Pardo;28034;913780099;917387975;-;Privado Concertado
Madrid-Capital;28006457;CPR INF-PRI-SEC;VEDRUNA;Calle De Santa Joaquina De Vedruna , 3;Madrid;Villaverde;28021;917983716;917976752;-;Privado Concertado
Madrid-Capital;28014867;CPR INF-PRI-SEC;VEDRUNA;Calle Del Espinar , 41;Madrid;Carabanchel;28025;914650109;915257505;-;Privado Concertado
Madrid-Oeste;28045578;CPR INF-PRI-SEC;VERACRUZ;Carretera De Escorial , s/n;Galapagar;-;28260;918585558;918586256;-;Privado
Madrid-Sur;28042371;CPR INF-PRI-SEC;VILLA DE GRIÑON;Avenida De La Paz , s/n;Griñón;-;28971;918140504;918140726;-;Privado
Madrid-Sur;28023066;CPR INF-PRI-SEC;VILLA DE MOSTOLES;Calle Camino De Humanes , 40;Móstoles;-;28938;916453055;916457401;-;Privado Concertado
Madrid-Sur;28057881;CPR INF-PRI-SEC;VILLA DE NAVALCARNERO;Calle De La Estrella , 37;Navalcarnero;-;28600;918111551;918114466;-;Privado Concertado
Madrid-Sur;28040519;CPR INF-PRI-SEC;VILLALKOR;Calle De Asturias , s/n;Alcorcón;-;28922;916658066;916658066;-;Privado
Madrid-Oeste;28001851;CPR INF-PRI-SEC;VIRGEN DE EUROPA;Calle Del Valle De Santa Ana , 1;Boadilla del Monte;-;28669;916330155;916331717;-;Privado
Madrid-Este;28070901;CPR INF-PRI-SEC;VIRGEN DE LA SOLEDAD;Avenida De Berlín , 3;Arganda del Rey;-;28500;918279089;911745086;-;Privado Concertado
Madrid-Sur;28048877;CPR INF-PRI-SEC;VIRGEN DE LA VEGA;Calle De La Comunidad De Madrid , 20;Fuenlabrada;-;28944;916068905;91 606 89 05;-;Privado Concertado
Madrid-Capital;28014958;CPR INF-PRI-SEC;VIRGEN DE MIRASIERRA;Calle De La Maso , 103;Madrid;Fuencarral-El Pardo;28034;917387300;917399195;-;Privado Concertado
Madrid-Este;28002506;CPR INF-PRI-SEC;VIRGEN DEL HENAR;Calle De Maches Gómez , 4;Coslada;-;28821;916717171;916717171;-;Privado Concertado
Madrid-Sur;28001034;CPR INF-PRI-SEC;VIRGEN DEL REMEDIO;Avenida De Lisboa , 2;Alcorcón;-;28924;916195917;916112507;-;Privado Concertado
Madrid-Capital;28040520;CPR INF-PRI-SEC;ZAZUAR;Calle De Zazuar , 17;Madrid;Villa de Vallecas;28031;913314845;913314902;-;Privado Concertado
Madrid-Oeste;28041895;CPR INF-PRI-SEC;ZOLA;Calle Valle Del Roncal (urb. La Mocha Chica) , 57;Villanueva de la Cañada;-;28692;918151512;918151512;-;Privado Concertado
Madrid-Oeste;28041101;CPR INF-PRI-SEC;ZOLA-ROZAS;Avenida Esparta , 6;Rozas de Madrid, Las;-;28232;916316158;916316158;-;Privado Concertado
Madrid-Norte;28034118;CPR INF-PRI-SEC;ZURBARAN;Calle De Zurbarán , 7;Colmenar Viejo;-;28770;918450912;918463120;-;Privado Concertado
Madrid-Capital;28011091;CPR INF-PRI;AFUERA III A;Calle De Francisco Vitoria , 16;Madrid;Retiro;28007;915516439;915524432;-;Privado
Madrid-Capital;28011349;CPR INF-PRI;ARCANGEL;Calle De Ángel Ganivet , 17;Madrid;Retiro;28007;915523525;915523525;-;Privado Concertado
Madrid-Capital;28006767;CPR INF-PRI;AULA NUEVA;Calle De Gregorio Benítez , 10;Madrid;Ciudad Lineal;28043;913002889;917593831;-;Privado
Madrid-Capital;28041858;CPR INF-PRI;BRA-INSTITUCION;Calle De María Lombillo , 5;Madrid;San Blas;28027;917421060;917428546;-;Privado
Madrid-Capital;28032195;CPR INF-PRI;CENIT;Calle De Vital Aza , 31;Madrid;Ciudad Lineal;28017;914087145;914087145;-;Privado Concertado
Madrid-Capital;28011520;CPR INF-PRI;CENTRAL;Calle De Manuel Muñoz , 9;Madrid;Usera;28026;914759629;912450019;-;Privado Concertado
Madrid-Capital;28019981;CPR INF-PRI;CENTRO DE ESTUDIOS CASTILLA;Calle Del Oso , 23;Madrid;Centro;28012;914684967;915060720;-;Privado Concertado
Madrid-Sur;28074074;CPR INF-PRI;CENTRO EN ARROYOMOLINOS;Parcela Ee - 2 S.a.u .- 6 Zarzalejo ;Arroyomolinos;-;28939;-;-;-;Privado Concertado
Madrid-Sur;28074086;CPR INF-PRI;CENTRO EN HUMANES;Avenida De Los Deportes ;Humanes de Madrid;-;28970;-;-;-;Privado Concertado
Madrid-Sur;28074131;CPR INF-PRI;CENTRO EN LEGANES;"Parcela E-19/e-20 Plan Parcial Nº 5 ""arroyo Culebro"" ";Leganés;-;-;-;-;-;Privado Concertado
Madrid-Capital;28022529;CPR INF-PRI;CERVANTES;Calle De Elvas , 2;Madrid;Carabanchel;28025;914606748;914608036;-;Privado Concertado
Madrid-Oeste;28073525;CPR INF-PRI;COLEGIO ALEGRA;Calle Sorolla , 4;Majadahonda;-;28222;-;-;-;Privado
Madrid-Capital;28043223;CPR INF-PRI;COLEGIO DIOCESANO CRISTO DE LA GUIA;Calle De Ezcaray , 3;Madrid;Vicálvaro;28032;917768593;917762246;-;Privado Concertado
Madrid-Oeste;28071191;CPR INF-PRI;COLEGIO HIGHLANDS LOS FRESNOS;Avenida Comunidad Canaria , s/n;Boadilla del Monte;-;28660;-;-;-;Privado
Madrid-Capital;28015537;CPR INF-PRI;CUMBRE-OXFORD;Calle De Buendía , 50-52;Madrid;Puente de Vallecas;28018;915075753;915075753;-;Privado Concertado
Madrid-Capital;28046388;CPR INF-PRI;DIONISIA PLAZA;Calle De Los Espinos , 10;Madrid;Moncloa-Aravaca;28023;913079342;913573545;-;Privado
Madrid-Capital;28026110;CPR INF-PRI;DOSPARQUES;Calle De San Anastasio , 4;Madrid;Arganzuela;28005;914739985;914739985;-;Privado Concertado
Madrid-Capital;28011805;CPR INF-PRI;DULCE NOMBRE DE JESUS;Calle De Agustín Durán , 20;Madrid;Salamanca;28028;917256614;917250677;-;Privado Concertado
Madrid-Capital;28011866;CPR INF-PRI;ESTILO;Calle De Serrano , 182;Madrid;Chamartín;28002;915623158;915630736;-;Privado
Madrid-Capital;28032225;CPR INF-PRI;JESUS MARIA-NTRA. SRA. CARIDAD DEL COBRE;Calle De Los Hermanos García Noblejas , 17;Madrid;San Blas;28037;913670456;913674645;-;Privado Concertado
Madrid-Capital;28008016;CPR INF-PRI;LA MERCED;Calle De Luis De Góngora , 5;Madrid;Centro;28004;915232299;915221430;-;Privado Concertado
Madrid-Capital;28012810;CPR INF-PRI;LA MILAGROSA;Calle Del Puerto Del Monasterio , 35;Madrid;Puente de Vallecas;28018;914778158;914786412;-;Privado Concertado
Madrid-Capital;28020041;CPR INF-PRI;LA SALLE-LA PALOMA-FUNDACION LARA;Calle De La Paloma , 21;Madrid;Centro;28005;913641082;913651428;-;Privado Concertado
Madrid-Capital;28022128;CPR INF-PRI;LAS NACIONES;Avenida De Alfonso Xiii , 90;Madrid;Chamartín;28016;914135276;914154238;-;Privado
Madrid-Sur;28003021;CPR INF-PRI;LICEO JUAN DE LA CIERVA I;Calle Tarragona , 3;Getafe;-;28903;916830742;916830742;-;Privado Concertado
Madrid-Capital;28008600;CPR INF-PRI;LICEO OROQUIETA;Calle Del Sáhara , 79;Madrid;Villaverde;28041;917961495;917967558;-;Privado Concertado
Madrid-Capital;28044872;CPR INF-PRI;LICEO ROSALES;Calle De Ignacio Santos Viñuelas , 9;Madrid;Villaverde;28021;917982959;917976602;-;Privado Concertado
Madrid-Sur;28023248;CPR INF-PRI;LICEO SAN LUIS;Calle Camino De Humanes , 12;Móstoles;-;28938;916131406;916131406;-;Privado Concertado
Madrid-Capital;28029159;CPR INF-PRI;LUIS FEITO;Calle De Luis Feíto , 19;Madrid;Latina;28047;914623137;914623137;-;Privado Concertado
Madrid-Capital;28007152;CPR INF-PRI;LUZ CASANOVA;Calle De Aldea Del Fresno , 1;Madrid;Arganzuela;28045;914739150;914739150;-;Privado Concertado
Madrid-Capital;28012676;CPR INF-PRI;MARIA CRISTINA;Calle De Antillón , 6;Madrid;Latina;28011;914643175;914630279;-;Privado Concertado
Madrid-Sur;28003055;CPR INF-PRI;MENGUAL;Calle Cuenca , 2;Getafe;-;28902;916811638;916827912;-;Privado Concertado
Madrid-Capital;28021975;CPR INF-PRI;MIRASOL;Calle De Peña Dorada , 4;Madrid;Fuencarral-El Pardo;28034;917386100;917382088;-;Privado
Madrid-Capital;28017339;CPR INF-PRI;NEBRIJA-ROSALES;Calle De Carlos Domingo , 10-12;Madrid;Latina;28047;914650315;-;-;Privado Concertado
Madrid-Capital;28022487;CPR INF-PRI;NERVION;Calle Del Nervión , 2;Madrid;Chamartín;28002;915623030;915629180;-;Privado Concertado
Madrid-Capital;28008296;CPR INF-PRI;NTRA. SRA. DE FATIMA;Calle De Alcalá , 292;Madrid;Ciudad Lineal;28027;913260455;913260455;-;Privado Concertado
Madrid-Capital;28013279;CPR INF-PRI;NTRA. SRA. DE LA MERCED;Calle De Zaida , 87;Madrid;Carabanchel;28019;914727650;914722261;-;Privado Concertado
Madrid-Capital;28008430;CPR INF-PRI;NTRA. SRA. DE LA PAZ;Calle De Valderribas , 37;Madrid;Retiro;28007;915528595;915528595;-;Privado Concertado
Madrid-Capital;28058241;CPR INF-PRI;PEDAGOGIA WALDORF DE ARAVACA;Calle De Zenit , 10;Madrid;Moncloa-Aravaca;28023;913071210;-;-;Privado
Madrid-Oeste;28002142;CPR INF-PRI;REGINA ASSUMPTA;Calle De San Andrés , 11;Cercedilla;-;28470;918520313;918525511;-;Privado Concertado
Madrid-Capital;28013701;CPR INF-PRI;SAGRADA FAMILIA;Calle De Eduardo Aunos , 32;Madrid;Salamanca;28028;915736516;915736516;-;Privado Concertado
Madrid-Capital;28013826;CPR INF-PRI;SAGRADOS CORAZONES;Calle De Pan Y Toros , 45;Madrid;Villaverde;28041;913172526;913172526;-;Privado Concertado
Madrid-Capital;28008995;CPR INF-PRI;SAN ANTONIO;Calle De Bravo Murillo , 150;Madrid;Tetuán;28020;915339106;914560029;-;Privado Concertado
Madrid-Este;28000224;CPR INF-PRI;SAN FELIPE NERI;Calle San Felipe Neri , 4;Alcalá de Henares;-;28801;918881397;918881397;-;Privado Concertado
Madrid-Capital;28013966;CPR INF-PRI;SAN FERMIN;Calle De La Estafeta , 17;Madrid;Usera;28041;917920535;917920535;-;Privado Concertado
Madrid-Este;28000170;CPR INF-PRI;SAN FRANCISCO DE ASIS;Calle Santiago , 35;Alcalá de Henares;-;28801;918880031;918811012;-;Privado Concertado
Madrid-Capital;28009185;CPR INF-PRI;SAN JAIME APOSTOL;Calle De Juan José Martínez Seco , 54;Madrid;Villaverde;28021;917980889;917230249;-;Privado Concertado
Madrid-Capital;28007371;CPR INF-PRI;SAN LUIS-FELCA;Calle De Dolores Barranco , 65;Madrid;Usera;28026;914758162;914756923;-;Privado Concertado
Madrid-Norte;28022918;CPR INF-PRI;SAN PABLO;Calle San Pablo , s/n;Miraflores de la Sierra;-;28792;918443579;918443579;-;Privado Concertado
Madrid-Sur;28001538;CPR INF-PRI;SAN PASCUAL;Calle Del Rey , 77-79;Aranjuez;-;28300;918911917;918929132;-;Privado Concertado
Madrid-Norte;28037879;CPR INF-PRI;SAN PATRICIO;Paseo De Alcobendas , 9;Alcobendas;-;28109;916500791;916500748;-;Privado
Madrid-Capital;28014223;CPR INF-PRI;SAN PATRICIO;Calle De Serrano , 200;Madrid;Chamartín;28002;915638420;915638946;-;Privado
Madrid-Capital;28009422;CPR INF-PRI;SAN RAFAEL ARCANGEL-SANTA LUISA;Calle De Otero Y Delage , 105;Madrid;Fuencarral-El Pardo;28035;913161723;913161723;Transt. Desarrollo;Privado Concertado
Madrid-Sur;28003171;CPR INF-PRI;SAN SEBASTIAN;Travesia De Los Depósitos , 2;Getafe;-;28903;916955320;IDEM;-;Privado Concertado
Madrid-Capital;28017777;CPR INF-PRI;SANTA CRUZ;Calle De Miguel Fleta , 7;Madrid;San Blas;28037;913040609;913270590;-;Privado Concertado
Madrid-Capital;28009495;CPR INF-PRI;SANTA ELIZABETH;Calle De Viera Y Clavijo , 14;Madrid;Retiro;28007;915512615;915512615;-;Privado Concertado
Madrid-Capital;28009586;CPR INF-PRI;SANTA MARIA;Calle De Tolosa , 6;Madrid;Usera;28041;913415193;913418780;Transt. Desarrollo;Privado Concertado
Madrid-Capital;28059127;CPR INF-PRI;SEK-SANTA ISABEL;Calle De San Ildefonso , 18;Madrid;Centro;28012;915279094;915395583;-;Privado
Madrid-Capital;28010060;CPR INF-PRI;VIRGEN DEL PILAR;Calle De Melchor Fernández Almagro , 70;Madrid;Fuencarral-El Pardo;28029;917390277;917319621;Transt. Desarrollo;Privado Concertado
Madrid-Capital;28032183;CPR INF-PRI;VIRGEN MILAGROSA;Calle Del Mar De Coral , 3;Madrid;Hortaleza;28033;917638756;913820428;-;Privado Concertado
Madrid-Capital;28028507;CPR INF;ADELA ABRINES CASTAÑOS;Calle De Garrovillas , 4;Madrid;Latina;28044;917053100;917059447;-;Privado Concertado
Madrid-Capital;28036735;CPR INF;AFUERA III B;Calle De Ángel Ganivet , 12;Madrid;Retiro;28007;915528554;915524432;-;Privado
Madrid-Capital;28071218;CPR INF;ALARIA II;Calle De Arjona , 3;Madrid;Moncloa-Aravaca;28023;-;-;-;Privado
Madrid-Capital;28006597;CPR INF;ALCONERA;Calle De Alconera , 1;Madrid;San Blas;28037;913133746;-;-;Privado Concertado
Madrid-Capital;28037399;CPR INF;ALFREDO LOPEZ;Calle De Villaescusa , 50;Madrid;Ciudad Lineal;28017;913041980;917543131;-;Privado Concertado
Madrid-Capital;28068013;CPR INF;ANDAL I;Calle De Francisco Vitoria , 4;Madrid;Retiro;28007;915016200;915016200;-;Privado
Madrid-Capital;28072557;CPR INF;ARCADIA;Calle Del Maestro Ripoll , 12;Madrid;Chamartín;28006;-;-;-;Privado
Madrid-Sur;28058354;CPR INF;ARCO IRIS;Calle Castilla La Vieja , 2;Ciempozuelos;-;28350;918931601;918086587;-;Privado Concertado
Madrid-Oeste;28061596;CPR INF;ARCO IRIS;Calle Cordel De Valladolid , 3;Collado Villalba;-;28400;918512266;918512266;-;Privado
Madrid-Norte;28039499;CPR INF;ATENEA;Calle De La Salvia , 26;Alcobendas;-;28109;916250499;916503948;-;Privado
Madrid-Capital;28030277;CPR INF;BASE I;Calle De Fernán Núñez , 12;Madrid;Chamartín;28016;913592104;913598375;-;Privado
Madrid-Oeste;28045499;CPR INF;BEBIN;Carretera Vía Servicio Ctra De La Coruña , KM 19;Rozas de Madrid, Las;-;28231;916371537;-;-;Privado
Madrid-Capital;28063234;CPR INF;BURBUJAS;Calle Del Valle De Laciana , 19;Madrid;Fuencarral-El Pardo;28034;917384850;-;-;Privado
Madrid-Oeste;28049638;CPR INF;CABAS;Calle Epidauro , 53bis;Rozas de Madrid, Las;-;28232;916318823;-;-;Privado
Madrid-Oeste;28066715;CPR INF;CASAMADRE;Calle De Las Amapolas , 74;Escorial, El;-;28219;918997698;-;-;Privado
Madrid-Capital;28069996;CPR INF;CENTRO DE APRENDIZAJE FAIRY-LAND;Avenida Del Comandante Franco , 6;Madrid;Chamartín;28016;-;-;-;Privado
Madrid-Oeste;28056941;CPR INF;CIUDAD INFANTIL MIRABAL;Calle Del Monte Romanillos , s/n;Boadilla del Monte;-;28669;916324920;916324921;-;Privado
Madrid-Oeste;28060491;CPR INF;COLEGIO NUESTRA SEÑORA DE SCHOENSTATT;Camino Alcorcón , 17;Pozuelo de Alarcón;-;28223;-;-;-;Privado
Madrid-Oeste;28060142;CPR INF;COLORES;Calle Monte Urgull , 6;Rozas de Madrid, Las;-;28290;916304447;916304447;-;Privado
Madrid-Este;28058780;CPR INF;COLORINES;Paseo De Oria , 25;San Fernando de Henares;-;28830;916739483;916739483;-;Privado
Madrid-Capital;28007085;CPR INF;COMENDADORAS DE SANTIAGO;Plaza De Las Comendadoras , 10;Madrid;Centro;28015;915481842;915400070;-;Privado Concertado
Madrid-Capital;28036012;CPR INF;CONDE DE ELDA;Calle De Ponferrada , 14;Madrid;Fuencarral-El Pardo;28029;917392300;913781757;-;Privado Concertado
Madrid-Capital;28048956;CPR INF;CRI-CRI;Calle Del Corregidor Juan Francisco De Luján , 21;Madrid;Moratalaz;28030;914394005;913281206;-;Privado Concertado
Madrid-Capital;28044914;CPR INF;DELPHOS;Calle Del Estrecho De Corea , 34;Madrid;Ciudad Lineal;28027;914086309;913770449;-;Privado
Madrid-Capital;28059191;CPR INF;DIVERSION Y TALENTO DIVENTIUM;Calle De Matías Turrión , 6;Madrid;Ciudad Lineal;28043;913002081;-;-;Privado
Madrid-Capital;28063532;CPR INF;DIVERSION Y TALENTO DIVENTIUM II;Calle De La Época , 14;Madrid;Carabanchel;28025;914628994;914614822;-;Privado Concertado
Madrid-Norte;28062588;CPR INF;EDUQA LA MORALEJA;Calle De Caléndula , 95;Alcobendas;-;28109;916250420;916509581;-;Privado
Madrid-Norte;28008880;CPR INF;EL ARDAL;Avenida Del Ardal , 4;San Sebastián de los Reyes;-;28708;916236380;916237527;-;Privado
Madrid-Capital;28059796;CPR INF;EL ARRULLO III;Calle De Los Montes De Barbanza , 23;Madrid;Villa de Vallecas;28031;913315863;-;-;Privado
Madrid-Capital;28072910;CPR INF;EL ARRULLO VI;Calle De Los Montes De Barbanza , 19;Madrid;Villa de Vallecas;28031;913321683;-;-;Privado
Madrid-Capital;28036000;CPR INF;EL PATIO DE MI CASA;Avenida Del Cardenal Herrera Oria , 338;Madrid;Fuencarral-El Pardo;28035;913160955;-;-;Privado
Madrid-Capital;28041251;CPR INF;EL PRINCIPE;Plaza De Arqueros , s/n;Madrid;Latina;28024;915090786;915090786;-;Privado
Madrid-Sur;28058998;CPR INF;EL ZEPPELIN;Calle Jacinto Benavente , 25;Sevilla la Nueva;-;28609;918129506;918129506;-;Privado
Madrid-Norte;28067513;CPR INF;ESCUELA INFANTIL BRAINS MADRID;Calle De La Salvia , 44;Alcobendas;-;28109;916503693;-;-;Privado
Madrid-Capital;28072946;CPR INF;ESCUELA INFANTIL BRAINS MADRID;Avenida De Los Toreros , 9-11;Madrid;Salamanca;28028;917266400;-;-;Privado
Madrid-Capital;28050197;CPR INF;FUNDACION TORAT MOSHE;Calle De Almarza , 24;Madrid;Hortaleza;28033;917668502;-;-;Privado
Madrid-Oeste;28046893;CPR INF;GARABATOS;Calle Micenas , 28;Rozas de Madrid, Las;-;28232;916314358;916316564;-;Privado
Madrid-Capital;28057143;CPR INF;GLOBOS;Calle Del Arroyo De La Media Legua , 29;Madrid;Moratalaz;28030;914370889;-;-;Privado
Madrid-Oeste;28059073;CPR INF;GRIMM;Calle Valle Del Alberche , 45;Guadarrama;-;28430;-;-;-;Privado
Madrid-Capital;28012071;CPR INF;HANSEL Y GRETHEL;Calle De Rodríguez Marín , 46;Madrid;Chamartín;28002;915634996;915611389;-;Privado Concertado
Madrid-Capital;28058834;CPR INF;HONTANAR;Avenida De Pío Xii , 16;Madrid;Chamartín;28016;913597832;913597832;-;Privado Concertado
Madrid-Sur;28060865;CPR INF;JARQUE;Avenida Belén , 38;Ciempozuelos;-;28350;918934901;918934678;-;Privado Concertado
Madrid-Oeste;28059863;CPR INF;JAUJA;Calle Del Moncayo , 54;Majadahonda;-;28221;916385251;916345026;-;Privado
Madrid-Capital;28034891;CPR INF;JAVIER GARCIA PITA;Calle De Humanes , 14;Madrid;Puente de Vallecas;28038;917784511;913803255;-;Privado Concertado
Madrid-Capital;28018216;CPR INF;JESUS DIVINO OBRERO;Calle Del General Romero Basart , s/n;Madrid;Latina;28044;917064033;917058916;-;Privado Concertado
Madrid-Capital;28008971;CPR INF;KINDERGARTEN LA SALLE;Calle De Alfonso Rodríguez Santamaría , 23-25;Madrid;Chamartín;28002;915635176;915643166;-;Privado
Madrid-Capital;28021665;CPR INF;LA ANUNCIATA;Calle De Camarena , 55;Madrid;Latina;28047;917173838;917180338;-;Privado Concertado
Madrid-Norte;28058408;CPR INF;LA ESCUELITA DEL ENCINAR;Calle Camino Del Cura , 8;Alcobendas;-;28050;916252401;916509745;-;Privado
Madrid-Capital;28059334;CPR INF;LAS GAVIOTAS;Calle De Medina De Pomar , 11;Madrid;Barajas;28042;913120586;913120586;-;Privado Concertado
Madrid-Oeste;28048270;CPR INF;LAUDE FONTENEBRO JUNIOR SCHOOL;Calle Arroyo Del Osea , s/n;Collado Villalba;-;28400;918508211;-;-;Privado
Madrid-Oeste;28063180;CPR INF;LOGOS B;Calle Juníperos , 6;Rozas de Madrid, Las;-;28232;916031806;916303600;-;Privado
Madrid-Oeste;28045864;CPR INF;LOS ANGELITOS;Avenida España , 20;Majadahonda;-;28220;916380368;-;-;Privado
Madrid-Sur;28066821;CPR INF;LOS CASTILLOS;Calle Gustavo Adolfo Bécquer , 22;Arroyomolinos;-;28939;649374077;-;-;Privado
Madrid-Este;28033278;CPR INF;LOS DELFINES ;Carretera Loeches , 22;Torrejón de Ardoz;-;28850;916766894;-;-;Privado
Madrid-Oeste;28072764;CPR INF;LOS ESCORIALES;Calle Velázquez , 17;San Lorenzo de El Escorial;-;28200;-;-;-;Privado
Madrid-Capital;28016219;CPR INF;LOS LAPAZARES;Calle De Antonio Durán Tovar , 6;Madrid;Puente de Vallecas;28053;914775906;-;-;Privado
Madrid-Capital;28069935;CPR INF;LOS OLIVOS DEL FEM;Calle De Los Olivos , 9;Madrid;Chamberí;28003;915352927;-;-;Privado
Madrid-Capital;28060014;CPR INF;MADRE TIERRA;Calle De Guadalajara , 17;Madrid;Hortaleza;28042;913200870;916318231;-;Privado
Madrid-Capital;28032729;CPR INF;MAGDALENA AULINA;Calle De Aleixandre , 5;Madrid;Ciudad Lineal;28033;913591607;918518903;-;Privado
Madrid-Este;28002488;CPR INF;MAMA JUANITA;Calle De La Iglesia , 15;Coslada;-;28821;916711120;916714516;-;Privado Concertado
Madrid-Capital;28005805;CPR INF;MARIA INMACULADA;Calle De Luis Ruiz , 26;Madrid;Ciudad Lineal;28017;913675838;913675838;-;Privado Concertado
Madrid-Sur;28059981;CPR INF;MARIA MONTESSORI II;Avenida Del Oeste , 27;Alcorcón;-;28922;916414422;-;-;Privado
Madrid-Norte;28060105;CPR INF;MARIA TERESA;Calle De María Teresa , 4;Alcobendas;-;28100;916624081;916612829;-;Privado
Madrid-Norte;28024575;CPR INF;MI COLE;Avenida De Colmenar Viejo , 22;San Sebastián de los Reyes;-;28701;916527603;-;-;Privado Concertado
Madrid-Capital;28061882;CPR INF;MICOS, MI PRIMER COLE;Calle Del Guadalquivir , 16;Madrid;Chamartín;28002;917451791;917451792;-;Privado
Madrid-Oeste;28064330;CPR INF;MONTERROZAS 06;Avenida De Atenas , s/n;Rozas de Madrid, Las;-;28232;916030381;916032072;-;Privado
Madrid-Capital;28030319;CPR INF;NAZARET;Calle De Quintiliano , 3;Madrid;Chamartín;28002;915617244;915617244;-;Privado Concertado
Madrid-Capital;28041019;CPR INF;NAZARET;Calle De Arenas De Iguña , 1;Madrid;Puente de Vallecas;28038;917771022;917773144;-;Privado Concertado
Madrid-Capital;28031609;CPR INF;NIRO;Calle De Andrés Torrejón , 18;Madrid;Retiro;28014;915524561;-;-;Privado
Madrid-Capital;28008119;CPR INF;NIÑO JESUS;Calle De La Madre De Dios , 40;Madrid;Chamartín;28016;913596273;913502200;-;Privado
Madrid-Capital;28059024;CPR INF;NTRA. SRA. DE LA CONSOLACION;Calle De Haro , 5;Madrid;Hortaleza;28043;913882275;91 300 42 06;-;Privado
Madrid-Este;28050495;CPR INF;PARQUE BABY ALCALA;Calle De La Encomienda , 23;Alcalá de Henares;-;28805;918891138;-;-;Privado
Madrid-Capital;28008636;CPR INF;PATROCINIO DE SAN JOSE;Calle De Luis Larrainza , 46;Madrid;Chamartín;28002;914152843;-;-;Privado
Madrid-Capital;28035196;CPR INF;PAYDOS;Plaza De Mariano De Cávia , 2;Madrid;Retiro;28014;915529659;915529659;-;Privado
Madrid-Capital;28064834;CPR INF;PEKES;Calle Real De Arganda , 32;Madrid;Villa de Vallecas;28031;913329237;-;-;Privado
Madrid-Sur;28063581;CPR INF;PEQUEÑO PRINCIPE;Avenida Universidad , 14;Leganés;-;28912;916803611;916803611;-;Privado
Madrid-Capital;28059097;CPR INF;PETETE;Calle De Sierra Morena , 40;Madrid;Villa de Vallecas;28031;917788019;-;-;Privado
Madrid-Capital;28028490;CPR INF;PIPO'S;Calle De Cáceres , 50;Madrid;Arganzuela;28045;914736299;-;-;Privado
Madrid-Capital;28043168;CPR INF;RAMON Y CAJAL;Calle De López De Hoyos , 386;Madrid;Hortaleza;28043;913000288;915191424;-;Privado
Madrid-Capital;28008818;CPR INF;REINA DE LOS ANGELES;Calle Del Darro , 30;Madrid;Chamartín;28002;915638760;-;-;Privado
Madrid-Capital;28064159;CPR INF;SAN JORGE;Calle Del General Aranaz , 85;Madrid;San Blas;28027;917434536;917434537;-;Privado
Madrid-Capital;28009288;CPR INF;SAN JOSE DE CLUNY;Calle De San Restituto , 24;Madrid;Moncloa-Aravaca;28039;914502332;913115238;-;Privado Concertado
Madrid-Oeste;28046698;CPR INF;SAN PATRICIO;Calle Praderas , 1;Majadahonda;-;28221;916380069;-;-;Privado
Madrid-Capital;28072909;CPR INF;SANTA BERNARDITA;Calle Del Príncipe De Asturias , 10;Madrid;Salamanca;28006;-;-;-;Privado
Madrid-Capital;28070603;CPR INF;SANTA CLAUS;Calle De Nápoles , 28;Madrid;Hortaleza;28043;-;914135338;-;Privado Concertado
Madrid-Capital;28032109;CPR INF;SANTA LUISA;Calle Del Tántalo , 21;Madrid;Villaverde;28021;917960853;917961671;-;Privado Concertado
Madrid-Oeste;28045581;CPR INF;SANTA MARIA DE LEUCA;Calle Infantes , 28;San Lorenzo de El Escorial;-;28200;918901662;918906719;-;Privado Concertado
Madrid-Capital;28064937;CPR INF;TODO NIÑOS NURSERY;Calle De Arjona , 4;Madrid;Moncloa-Aravaca;28023;913070588;913579625;-;Privado
Madrid-Norte;28065243;CPR INF;TRES COLORES;Calle De La Almazara , 13;Tres Cantos;-;28760;918040671;918040678;-;Privado
Madrid-Capital;28033023;CPR INF;VERBO ENCARNADO;Calle De Alenza , 28;Madrid;Chamberí;28003;915340516;915349851;-;Privado Concertado
Madrid-Capital;28009963;CPR INF;VIRGEN DE BEGOÑA;Calle De Ángel Múgica , 48;Madrid;Fuencarral-El Pardo;28034;917291840;917291840;-;Privado Concertado
Madrid-Sur;28001435;CPR INF;VIRGEN DEL PUERTO;Calle De Carretas , 16;Aranjuez;-;28300;918910717;918754540;-;Privado
Madrid-Capital;28017431;CPR INF-SEC;VELAZQUEZ;Calle De Serrano , 158;Madrid;Chamartín;28002;915616255;-;-;Privado
Madrid-Capital;28066235;EIPR;Q.E.S. PLAYSCHOOL;Calle De Antonio Cavero , 91;Madrid;Hortaleza;28043;917489003;-;-;Privado
